[2025-06-11 00:36:26] local.ERROR: SQLSTATE[08006] [7] could not translate host name "db" to address: Unknown host (Connection: pgsql, SQL: select count(*) as aggregate from "customers" where "email" = kayysaniswaa@gmail.com) {"exception":"[object] (Illuminate\\Database\\QueryException(code: 7): SQLSTATE[08006] [7] could not translate host name \"db\" to address: Unknown host (Connection: pgsql, SQL: select count(*) as aggregate from \"customers\" where \"email\" = kayysaniswaa@gmail.com) at C:\\Users\\HP\\OneDrive\\Desktop\\Semester5Kay\\booking-service\\vendor\\illuminate\\database\\Connection.php:829)
[stacktrace]
#0 C:\\Users\\HP\\OneDrive\\Desktop\\Semester5Kay\\booking-service\\vendor\\illuminate\\database\\Connection.php(983): Illuminate\\Database\\Connection->runQueryCallback('select count(*)...', Array, Object(Closure))
#1 C:\\Users\\HP\\OneDrive\\Desktop\\Semester5Kay\\booking-service\\vendor\\illuminate\\database\\Connection.php(962): Illuminate\\Database\\Connection->tryAgainIfCausedByLostConnection(Object(Illuminate\\Database\\QueryException), 'select count(*)...', Array, Object(Closure))
#2 C:\\Users\\HP\\OneDrive\\Desktop\\Semester5Kay\\booking-service\\vendor\\illuminate\\database\\Connection.php(785): Illuminate\\Database\\Connection->handleQueryException(Object(Illuminate\\Database\\QueryException), 'select count(*)...', Array, Object(Closure))
#3 C:\\Users\\HP\\OneDrive\\Desktop\\Semester5Kay\\booking-service\\vendor\\illuminate\\database\\Connection.php(414): Illuminate\\Database\\Connection->run('select count(*)...', Array, Object(Closure))
#4 C:\\Users\\HP\\OneDrive\\Desktop\\Semester5Kay\\booking-service\\vendor\\illuminate\\database\\Query\\Builder.php(2913): Illuminate\\Database\\Connection->select('select count(*)...', Array, false)
#5 C:\\Users\\HP\\OneDrive\\Desktop\\Semester5Kay\\booking-service\\vendor\\illuminate\\database\\Query\\Builder.php(2902): Illuminate\\Database\\Query\\Builder->runSelect()
#6 C:\\Users\\HP\\OneDrive\\Desktop\\Semester5Kay\\booking-service\\vendor\\illuminate\\database\\Query\\Builder.php(3456): Illuminate\\Database\\Query\\Builder->Illuminate\\Database\\Query\\{closure}()
#7 C:\\Users\\HP\\OneDrive\\Desktop\\Semester5Kay\\booking-service\\vendor\\illuminate\\database\\Query\\Builder.php(2901): Illuminate\\Database\\Query\\Builder->onceWithColumns(Array, Object(Closure))
#8 C:\\Users\\HP\\OneDrive\\Desktop\\Semester5Kay\\booking-service\\vendor\\illuminate\\database\\Query\\Builder.php(3383): Illuminate\\Database\\Query\\Builder->get(Array)
#9 C:\\Users\\HP\\OneDrive\\Desktop\\Semester5Kay\\booking-service\\vendor\\illuminate\\database\\Query\\Builder.php(3311): Illuminate\\Database\\Query\\Builder->aggregate('count', Array)
#10 C:\\Users\\HP\\OneDrive\\Desktop\\Semester5Kay\\booking-service\\vendor\\illuminate\\validation\\DatabasePresenceVerifier.php(54): Illuminate\\Database\\Query\\Builder->count()
#11 C:\\Users\\HP\\OneDrive\\Desktop\\Semester5Kay\\booking-service\\vendor\\illuminate\\validation\\Concerns\\ValidatesAttributes.php(948): Illuminate\\Validation\\DatabasePresenceVerifier->getCount('customers', 'email', 'kayysaniswaa@gm...', NULL, NULL, Array)
#12 C:\\Users\\HP\\OneDrive\\Desktop\\Semester5Kay\\booking-service\\vendor\\illuminate\\validation\\Validator.php(658): Illuminate\\Validation\\Validator->validateUnique('email', 'kayysaniswaa@gm...', Array, Object(Illuminate\\Validation\\Validator))
#13 C:\\Users\\HP\\OneDrive\\Desktop\\Semester5Kay\\booking-service\\vendor\\illuminate\\validation\\Validator.php(457): Illuminate\\Validation\\Validator->validateAttribute('email', 'Unique')
#14 C:\\Users\\HP\\OneDrive\\Desktop\\Semester5Kay\\booking-service\\vendor\\illuminate\\validation\\Validator.php(492): Illuminate\\Validation\\Validator->passes()
#15 C:\\Users\\HP\\OneDrive\\Desktop\\Semester5Kay\\booking-service\\app\\Http\\Controllers\\CustomerController.php(27): Illuminate\\Validation\\Validator->fails()
#16 C:\\Users\\HP\\OneDrive\\Desktop\\Semester5Kay\\booking-service\\vendor\\illuminate\\container\\BoundMethod.php(36): App\\Http\\Controllers\\CustomerController->store(Object(Laravel\\Lumen\\Http\\Request))
#17 C:\\Users\\HP\\OneDrive\\Desktop\\Semester5Kay\\booking-service\\vendor\\illuminate\\container\\Util.php(41): Illuminate\\Container\\BoundMethod::Illuminate\\Container\\{closure}()
#18 C:\\Users\\HP\\OneDrive\\Desktop\\Semester5Kay\\booking-service\\vendor\\illuminate\\container\\BoundMethod.php(93): Illuminate\\Container\\Util::unwrapIfClosure(Object(Closure))
#19 C:\\Users\\HP\\OneDrive\\Desktop\\Semester5Kay\\booking-service\\vendor\\illuminate\\container\\BoundMethod.php(35): Illuminate\\Container\\BoundMethod::callBoundMethod(Object(Laravel\\Lumen\\Application), Array, Object(Closure))
#20 C:\\Users\\HP\\OneDrive\\Desktop\\Semester5Kay\\booking-service\\vendor\\illuminate\\container\\Container.php(662): Illuminate\\Container\\BoundMethod::call(Object(Laravel\\Lumen\\Application), Array, Array, NULL)
#21 C:\\Users\\HP\\OneDrive\\Desktop\\Semester5Kay\\booking-service\\vendor\\laravel\\lumen-framework\\src\\Concerns\\RoutesRequests.php(391): Illuminate\\Container\\Container->call(Array, Array)
#22 C:\\Users\\HP\\OneDrive\\Desktop\\Semester5Kay\\booking-service\\vendor\\laravel\\lumen-framework\\src\\Concerns\\RoutesRequests.php(356): Laravel\\Lumen\\Application->callControllerCallable(Array, Array)
#23 C:\\Users\\HP\\OneDrive\\Desktop\\Semester5Kay\\booking-service\\vendor\\laravel\\lumen-framework\\src\\Concerns\\RoutesRequests.php(331): Laravel\\Lumen\\Application->callLumenController(Object(App\\Http\\Controllers\\CustomerController), 'store', Array)
#24 C:\\Users\\HP\\OneDrive\\Desktop\\Semester5Kay\\booking-service\\vendor\\laravel\\lumen-framework\\src\\Concerns\\RoutesRequests.php(284): Laravel\\Lumen\\Application->callControllerAction(Array)
#25 C:\\Users\\HP\\OneDrive\\Desktop\\Semester5Kay\\booking-service\\vendor\\laravel\\lumen-framework\\src\\Concerns\\RoutesRequests.php(269): Laravel\\Lumen\\Application->callActionOnArrayBasedRoute(Array)
#26 C:\\Users\\HP\\OneDrive\\Desktop\\Semester5Kay\\booking-service\\vendor\\laravel\\lumen-framework\\src\\Concerns\\RoutesRequests.php(171): Laravel\\Lumen\\Application->handleFoundRoute(Array)
#27 C:\\Users\\HP\\OneDrive\\Desktop\\Semester5Kay\\booking-service\\vendor\\laravel\\lumen-framework\\src\\Routing\\Pipeline.php(48): Laravel\\Lumen\\Application->Laravel\\Lumen\\Concerns\\{closure}(Object(Laravel\\Lumen\\Http\\Request))
#28 C:\\Users\\HP\\OneDrive\\Desktop\\Semester5Kay\\booking-service\\bootstrap\\app.php(39): Laravel\\Lumen\\Routing\\Pipeline->Laravel\\Lumen\\Routing\\{closure}(Object(Laravel\\Lumen\\Http\\Request))
#29 C:\\Users\\HP\\OneDrive\\Desktop\\Semester5Kay\\booking-service\\vendor\\illuminate\\pipeline\\Pipeline.php(165): {closure}(Object(Laravel\\Lumen\\Http\\Request), Object(Closure))
#30 C:\\Users\\HP\\OneDrive\\Desktop\\Semester5Kay\\booking-service\\vendor\\laravel\\lumen-framework\\src\\Routing\\Pipeline.php(30): Illuminate\\Pipeline\\Pipeline->Illuminate\\Pipeline\\{closure}(Object(Laravel\\Lumen\\Http\\Request))
#31 C:\\Users\\HP\\OneDrive\\Desktop\\Semester5Kay\\booking-service\\vendor\\illuminate\\pipeline\\Pipeline.php(119): Laravel\\Lumen\\Routing\\Pipeline->Laravel\\Lumen\\Routing\\{closure}(Object(Laravel\\Lumen\\Http\\Request))
#32 C:\\Users\\HP\\OneDrive\\Desktop\\Semester5Kay\\booking-service\\vendor\\laravel\\lumen-framework\\src\\Concerns\\RoutesRequests.php(428): Illuminate\\Pipeline\\Pipeline->then(Object(Closure))
#33 C:\\Users\\HP\\OneDrive\\Desktop\\Semester5Kay\\booking-service\\vendor\\laravel\\lumen-framework\\src\\Concerns\\RoutesRequests.php(167): Laravel\\Lumen\\Application->sendThroughPipeline(Array, Object(Closure))
#34 C:\\Users\\HP\\OneDrive\\Desktop\\Semester5Kay\\booking-service\\vendor\\laravel\\lumen-framework\\src\\Concerns\\RoutesRequests.php(112): Laravel\\Lumen\\Application->dispatch(NULL)
#35 C:\\Users\\HP\\OneDrive\\Desktop\\Semester5Kay\\booking-service\\public\\index.php(28): Laravel\\Lumen\\Application->run()
#36 {main}

[previous exception] [object] (PDOException(code: 7): SQLSTATE[08006] [7] could not translate host name \"db\" to address: Unknown host at C:\\Users\\HP\\OneDrive\\Desktop\\Semester5Kay\\booking-service\\vendor\\illuminate\\database\\Connectors\\Connector.php:65)
[stacktrace]
#0 C:\\Users\\HP\\OneDrive\\Desktop\\Semester5Kay\\booking-service\\vendor\\illuminate\\database\\Connectors\\Connector.php(65): PDO->__construct('pgsql:host=db;d...', 'hotel_user', Object(SensitiveParameterValue), Array)
#1 C:\\Users\\HP\\OneDrive\\Desktop\\Semester5Kay\\booking-service\\vendor\\illuminate\\database\\Connectors\\Connector.php(83): Illuminate\\Database\\Connectors\\Connector->createPdoConnection('pgsql:host=db;d...', 'hotel_user', 'secret', Array)
#2 C:\\Users\\HP\\OneDrive\\Desktop\\Semester5Kay\\booking-service\\vendor\\illuminate\\database\\Connectors\\Connector.php(48): Illuminate\\Database\\Connectors\\Connector->tryAgainIfCausedByLostConnection(Object(PDOException), 'pgsql:host=db;d...', 'hotel_user', 'secret', Array)
#3 C:\\Users\\HP\\OneDrive\\Desktop\\Semester5Kay\\booking-service\\vendor\\illuminate\\database\\Connectors\\PostgresConnector.php(35): Illuminate\\Database\\Connectors\\Connector->createConnection('pgsql:host=db;d...', Array, Array)
#4 C:\\Users\\HP\\OneDrive\\Desktop\\Semester5Kay\\booking-service\\vendor\\illuminate\\database\\Connectors\\ConnectionFactory.php(184): Illuminate\\Database\\Connectors\\PostgresConnector->connect(Array)
#5 [internal function]: Illuminate\\Database\\Connectors\\ConnectionFactory->Illuminate\\Database\\Connectors\\{closure}()
#6 C:\\Users\\HP\\OneDrive\\Desktop\\Semester5Kay\\booking-service\\vendor\\illuminate\\database\\Connection.php(1339): call_user_func(Object(Closure))
#7 C:\\Users\\HP\\OneDrive\\Desktop\\Semester5Kay\\booking-service\\vendor\\illuminate\\database\\Connection.php(528): Illuminate\\Database\\Connection->getPdo()
#8 C:\\Users\\HP\\OneDrive\\Desktop\\Semester5Kay\\booking-service\\vendor\\illuminate\\database\\Connection.php(423): Illuminate\\Database\\Connection->getPdoForSelect(false)
#9 C:\\Users\\HP\\OneDrive\\Desktop\\Semester5Kay\\booking-service\\vendor\\illuminate\\database\\Connection.php(816): Illuminate\\Database\\Connection->Illuminate\\Database\\{closure}('select count(*)...', Array)
#10 C:\\Users\\HP\\OneDrive\\Desktop\\Semester5Kay\\booking-service\\vendor\\illuminate\\database\\Connection.php(983): Illuminate\\Database\\Connection->runQueryCallback('select count(*)...', Array, Object(Closure))
#11 C:\\Users\\HP\\OneDrive\\Desktop\\Semester5Kay\\booking-service\\vendor\\illuminate\\database\\Connection.php(962): Illuminate\\Database\\Connection->tryAgainIfCausedByLostConnection(Object(Illuminate\\Database\\QueryException), 'select count(*)...', Array, Object(Closure))
#12 C:\\Users\\HP\\OneDrive\\Desktop\\Semester5Kay\\booking-service\\vendor\\illuminate\\database\\Connection.php(785): Illuminate\\Database\\Connection->handleQueryException(Object(Illuminate\\Database\\QueryException), 'select count(*)...', Array, Object(Closure))
#13 C:\\Users\\HP\\OneDrive\\Desktop\\Semester5Kay\\booking-service\\vendor\\illuminate\\database\\Connection.php(414): Illuminate\\Database\\Connection->run('select count(*)...', Array, Object(Closure))
#14 C:\\Users\\HP\\OneDrive\\Desktop\\Semester5Kay\\booking-service\\vendor\\illuminate\\database\\Query\\Builder.php(2913): Illuminate\\Database\\Connection->select('select count(*)...', Array, false)
#15 C:\\Users\\HP\\OneDrive\\Desktop\\Semester5Kay\\booking-service\\vendor\\illuminate\\database\\Query\\Builder.php(2902): Illuminate\\Database\\Query\\Builder->runSelect()
#16 C:\\Users\\HP\\OneDrive\\Desktop\\Semester5Kay\\booking-service\\vendor\\illuminate\\database\\Query\\Builder.php(3456): Illuminate\\Database\\Query\\Builder->Illuminate\\Database\\Query\\{closure}()
#17 C:\\Users\\HP\\OneDrive\\Desktop\\Semester5Kay\\booking-service\\vendor\\illuminate\\database\\Query\\Builder.php(2901): Illuminate\\Database\\Query\\Builder->onceWithColumns(Array, Object(Closure))
#18 C:\\Users\\HP\\OneDrive\\Desktop\\Semester5Kay\\booking-service\\vendor\\illuminate\\database\\Query\\Builder.php(3383): Illuminate\\Database\\Query\\Builder->get(Array)
#19 C:\\Users\\HP\\OneDrive\\Desktop\\Semester5Kay\\booking-service\\vendor\\illuminate\\database\\Query\\Builder.php(3311): Illuminate\\Database\\Query\\Builder->aggregate('count', Array)
#20 C:\\Users\\HP\\OneDrive\\Desktop\\Semester5Kay\\booking-service\\vendor\\illuminate\\validation\\DatabasePresenceVerifier.php(54): Illuminate\\Database\\Query\\Builder->count()
#21 C:\\Users\\HP\\OneDrive\\Desktop\\Semester5Kay\\booking-service\\vendor\\illuminate\\validation\\Concerns\\ValidatesAttributes.php(948): Illuminate\\Validation\\DatabasePresenceVerifier->getCount('customers', 'email', 'kayysaniswaa@gm...', NULL, NULL, Array)
#22 C:\\Users\\HP\\OneDrive\\Desktop\\Semester5Kay\\booking-service\\vendor\\illuminate\\validation\\Validator.php(658): Illuminate\\Validation\\Validator->validateUnique('email', 'kayysaniswaa@gm...', Array, Object(Illuminate\\Validation\\Validator))
#23 C:\\Users\\HP\\OneDrive\\Desktop\\Semester5Kay\\booking-service\\vendor\\illuminate\\validation\\Validator.php(457): Illuminate\\Validation\\Validator->validateAttribute('email', 'Unique')
#24 C:\\Users\\HP\\OneDrive\\Desktop\\Semester5Kay\\booking-service\\vendor\\illuminate\\validation\\Validator.php(492): Illuminate\\Validation\\Validator->passes()
#25 C:\\Users\\HP\\OneDrive\\Desktop\\Semester5Kay\\booking-service\\app\\Http\\Controllers\\CustomerController.php(27): Illuminate\\Validation\\Validator->fails()
#26 C:\\Users\\HP\\OneDrive\\Desktop\\Semester5Kay\\booking-service\\vendor\\illuminate\\container\\BoundMethod.php(36): App\\Http\\Controllers\\CustomerController->store(Object(Laravel\\Lumen\\Http\\Request))
#27 C:\\Users\\HP\\OneDrive\\Desktop\\Semester5Kay\\booking-service\\vendor\\illuminate\\container\\Util.php(41): Illuminate\\Container\\BoundMethod::Illuminate\\Container\\{closure}()
#28 C:\\Users\\HP\\OneDrive\\Desktop\\Semester5Kay\\booking-service\\vendor\\illuminate\\container\\BoundMethod.php(93): Illuminate\\Container\\Util::unwrapIfClosure(Object(Closure))
#29 C:\\Users\\HP\\OneDrive\\Desktop\\Semester5Kay\\booking-service\\vendor\\illuminate\\container\\BoundMethod.php(35): Illuminate\\Container\\BoundMethod::callBoundMethod(Object(Laravel\\Lumen\\Application), Array, Object(Closure))
#30 C:\\Users\\HP\\OneDrive\\Desktop\\Semester5Kay\\booking-service\\vendor\\illuminate\\container\\Container.php(662): Illuminate\\Container\\BoundMethod::call(Object(Laravel\\Lumen\\Application), Array, Array, NULL)
#31 C:\\Users\\HP\\OneDrive\\Desktop\\Semester5Kay\\booking-service\\vendor\\laravel\\lumen-framework\\src\\Concerns\\RoutesRequests.php(391): Illuminate\\Container\\Container->call(Array, Array)
#32 C:\\Users\\HP\\OneDrive\\Desktop\\Semester5Kay\\booking-service\\vendor\\laravel\\lumen-framework\\src\\Concerns\\RoutesRequests.php(356): Laravel\\Lumen\\Application->callControllerCallable(Array, Array)
#33 C:\\Users\\HP\\OneDrive\\Desktop\\Semester5Kay\\booking-service\\vendor\\laravel\\lumen-framework\\src\\Concerns\\RoutesRequests.php(331): Laravel\\Lumen\\Application->callLumenController(Object(App\\Http\\Controllers\\CustomerController), 'store', Array)
#34 C:\\Users\\HP\\OneDrive\\Desktop\\Semester5Kay\\booking-service\\vendor\\laravel\\lumen-framework\\src\\Concerns\\RoutesRequests.php(284): Laravel\\Lumen\\Application->callControllerAction(Array)
#35 C:\\Users\\HP\\OneDrive\\Desktop\\Semester5Kay\\booking-service\\vendor\\laravel\\lumen-framework\\src\\Concerns\\RoutesRequests.php(269): Laravel\\Lumen\\Application->callActionOnArrayBasedRoute(Array)
#36 C:\\Users\\HP\\OneDrive\\Desktop\\Semester5Kay\\booking-service\\vendor\\laravel\\lumen-framework\\src\\Concerns\\RoutesRequests.php(171): Laravel\\Lumen\\Application->handleFoundRoute(Array)
#37 C:\\Users\\HP\\OneDrive\\Desktop\\Semester5Kay\\booking-service\\vendor\\laravel\\lumen-framework\\src\\Routing\\Pipeline.php(48): Laravel\\Lumen\\Application->Laravel\\Lumen\\Concerns\\{closure}(Object(Laravel\\Lumen\\Http\\Request))
#38 C:\\Users\\HP\\OneDrive\\Desktop\\Semester5Kay\\booking-service\\bootstrap\\app.php(39): Laravel\\Lumen\\Routing\\Pipeline->Laravel\\Lumen\\Routing\\{closure}(Object(Laravel\\Lumen\\Http\\Request))
#39 C:\\Users\\HP\\OneDrive\\Desktop\\Semester5Kay\\booking-service\\vendor\\illuminate\\pipeline\\Pipeline.php(165): {closure}(Object(Laravel\\Lumen\\Http\\Request), Object(Closure))
#40 C:\\Users\\HP\\OneDrive\\Desktop\\Semester5Kay\\booking-service\\vendor\\laravel\\lumen-framework\\src\\Routing\\Pipeline.php(30): Illuminate\\Pipeline\\Pipeline->Illuminate\\Pipeline\\{closure}(Object(Laravel\\Lumen\\Http\\Request))
#41 C:\\Users\\HP\\OneDrive\\Desktop\\Semester5Kay\\booking-service\\vendor\\illuminate\\pipeline\\Pipeline.php(119): Laravel\\Lumen\\Routing\\Pipeline->Laravel\\Lumen\\Routing\\{closure}(Object(Laravel\\Lumen\\Http\\Request))
#42 C:\\Users\\HP\\OneDrive\\Desktop\\Semester5Kay\\booking-service\\vendor\\laravel\\lumen-framework\\src\\Concerns\\RoutesRequests.php(428): Illuminate\\Pipeline\\Pipeline->then(Object(Closure))
#43 C:\\Users\\HP\\OneDrive\\Desktop\\Semester5Kay\\booking-service\\vendor\\laravel\\lumen-framework\\src\\Concerns\\RoutesRequests.php(167): Laravel\\Lumen\\Application->sendThroughPipeline(Array, Object(Closure))
#44 C:\\Users\\HP\\OneDrive\\Desktop\\Semester5Kay\\booking-service\\vendor\\laravel\\lumen-framework\\src\\Concerns\\RoutesRequests.php(112): Laravel\\Lumen\\Application->dispatch(NULL)
#45 C:\\Users\\HP\\OneDrive\\Desktop\\Semester5Kay\\booking-service\\public\\index.php(28): Laravel\\Lumen\\Application->run()
#46 {main}
"} 
[2025-06-11 00:38:01] local.ERROR: SQLSTATE[08006] [7] could not translate host name "db" to address: Unknown host (Connection: pgsql, SQL: select * from "customers" order by "id" asc) {"exception":"[object] (Illuminate\\Database\\QueryException(code: 7): SQLSTATE[08006] [7] could not translate host name \"db\" to address: Unknown host (Connection: pgsql, SQL: select * from \"customers\" order by \"id\" asc) at C:\\Users\\HP\\OneDrive\\Desktop\\Semester5Kay\\booking-service\\vendor\\illuminate\\database\\Connection.php:829)
[stacktrace]
#0 C:\\Users\\HP\\OneDrive\\Desktop\\Semester5Kay\\booking-service\\vendor\\illuminate\\database\\Connection.php(983): Illuminate\\Database\\Connection->runQueryCallback('select * from \"...', Array, Object(Closure))
#1 C:\\Users\\HP\\OneDrive\\Desktop\\Semester5Kay\\booking-service\\vendor\\illuminate\\database\\Connection.php(962): Illuminate\\Database\\Connection->tryAgainIfCausedByLostConnection(Object(Illuminate\\Database\\QueryException), 'select * from \"...', Array, Object(Closure))
#2 C:\\Users\\HP\\OneDrive\\Desktop\\Semester5Kay\\booking-service\\vendor\\illuminate\\database\\Connection.php(785): Illuminate\\Database\\Connection->handleQueryException(Object(Illuminate\\Database\\QueryException), 'select * from \"...', Array, Object(Closure))
#3 C:\\Users\\HP\\OneDrive\\Desktop\\Semester5Kay\\booking-service\\vendor\\illuminate\\database\\Connection.php(414): Illuminate\\Database\\Connection->run('select * from \"...', Array, Object(Closure))
#4 C:\\Users\\HP\\OneDrive\\Desktop\\Semester5Kay\\booking-service\\vendor\\illuminate\\database\\Query\\Builder.php(2913): Illuminate\\Database\\Connection->select('select * from \"...', Array, true)
#5 C:\\Users\\HP\\OneDrive\\Desktop\\Semester5Kay\\booking-service\\vendor\\illuminate\\database\\Query\\Builder.php(2902): Illuminate\\Database\\Query\\Builder->runSelect()
#6 C:\\Users\\HP\\OneDrive\\Desktop\\Semester5Kay\\booking-service\\vendor\\illuminate\\database\\Query\\Builder.php(3456): Illuminate\\Database\\Query\\Builder->Illuminate\\Database\\Query\\{closure}()
#7 C:\\Users\\HP\\OneDrive\\Desktop\\Semester5Kay\\booking-service\\vendor\\illuminate\\database\\Query\\Builder.php(2901): Illuminate\\Database\\Query\\Builder->onceWithColumns(Array, Object(Closure))
#8 C:\\Users\\HP\\OneDrive\\Desktop\\Semester5Kay\\booking-service\\vendor\\illuminate\\database\\Eloquent\\Builder.php(739): Illuminate\\Database\\Query\\Builder->get(Array)
#9 C:\\Users\\HP\\OneDrive\\Desktop\\Semester5Kay\\booking-service\\vendor\\illuminate\\database\\Eloquent\\Builder.php(723): Illuminate\\Database\\Eloquent\\Builder->getModels(Array)
#10 C:\\Users\\HP\\OneDrive\\Desktop\\Semester5Kay\\booking-service\\app\\Http\\Controllers\\CustomerController.php(15): Illuminate\\Database\\Eloquent\\Builder->get()
#11 C:\\Users\\HP\\OneDrive\\Desktop\\Semester5Kay\\booking-service\\vendor\\illuminate\\container\\BoundMethod.php(36): App\\Http\\Controllers\\CustomerController->index()
#12 C:\\Users\\HP\\OneDrive\\Desktop\\Semester5Kay\\booking-service\\vendor\\illuminate\\container\\Util.php(41): Illuminate\\Container\\BoundMethod::Illuminate\\Container\\{closure}()
#13 C:\\Users\\HP\\OneDrive\\Desktop\\Semester5Kay\\booking-service\\vendor\\illuminate\\container\\BoundMethod.php(93): Illuminate\\Container\\Util::unwrapIfClosure(Object(Closure))
#14 C:\\Users\\HP\\OneDrive\\Desktop\\Semester5Kay\\booking-service\\vendor\\illuminate\\container\\BoundMethod.php(35): Illuminate\\Container\\BoundMethod::callBoundMethod(Object(Laravel\\Lumen\\Application), Array, Object(Closure))
#15 C:\\Users\\HP\\OneDrive\\Desktop\\Semester5Kay\\booking-service\\vendor\\illuminate\\container\\Container.php(662): Illuminate\\Container\\BoundMethod::call(Object(Laravel\\Lumen\\Application), Array, Array, NULL)
#16 C:\\Users\\HP\\OneDrive\\Desktop\\Semester5Kay\\booking-service\\vendor\\laravel\\lumen-framework\\src\\Concerns\\RoutesRequests.php(391): Illuminate\\Container\\Container->call(Array, Array)
#17 C:\\Users\\HP\\OneDrive\\Desktop\\Semester5Kay\\booking-service\\vendor\\laravel\\lumen-framework\\src\\Concerns\\RoutesRequests.php(356): Laravel\\Lumen\\Application->callControllerCallable(Array, Array)
#18 C:\\Users\\HP\\OneDrive\\Desktop\\Semester5Kay\\booking-service\\vendor\\laravel\\lumen-framework\\src\\Concerns\\RoutesRequests.php(331): Laravel\\Lumen\\Application->callLumenController(Object(App\\Http\\Controllers\\CustomerController), 'index', Array)
#19 C:\\Users\\HP\\OneDrive\\Desktop\\Semester5Kay\\booking-service\\vendor\\laravel\\lumen-framework\\src\\Concerns\\RoutesRequests.php(284): Laravel\\Lumen\\Application->callControllerAction(Array)
#20 C:\\Users\\HP\\OneDrive\\Desktop\\Semester5Kay\\booking-service\\vendor\\laravel\\lumen-framework\\src\\Concerns\\RoutesRequests.php(269): Laravel\\Lumen\\Application->callActionOnArrayBasedRoute(Array)
#21 C:\\Users\\HP\\OneDrive\\Desktop\\Semester5Kay\\booking-service\\vendor\\laravel\\lumen-framework\\src\\Concerns\\RoutesRequests.php(171): Laravel\\Lumen\\Application->handleFoundRoute(Array)
#22 C:\\Users\\HP\\OneDrive\\Desktop\\Semester5Kay\\booking-service\\vendor\\laravel\\lumen-framework\\src\\Routing\\Pipeline.php(48): Laravel\\Lumen\\Application->Laravel\\Lumen\\Concerns\\{closure}(Object(Laravel\\Lumen\\Http\\Request))
#23 C:\\Users\\HP\\OneDrive\\Desktop\\Semester5Kay\\booking-service\\bootstrap\\app.php(39): Laravel\\Lumen\\Routing\\Pipeline->Laravel\\Lumen\\Routing\\{closure}(Object(Laravel\\Lumen\\Http\\Request))
#24 C:\\Users\\HP\\OneDrive\\Desktop\\Semester5Kay\\booking-service\\vendor\\illuminate\\pipeline\\Pipeline.php(165): {closure}(Object(Laravel\\Lumen\\Http\\Request), Object(Closure))
#25 C:\\Users\\HP\\OneDrive\\Desktop\\Semester5Kay\\booking-service\\vendor\\laravel\\lumen-framework\\src\\Routing\\Pipeline.php(30): Illuminate\\Pipeline\\Pipeline->Illuminate\\Pipeline\\{closure}(Object(Laravel\\Lumen\\Http\\Request))
#26 C:\\Users\\HP\\OneDrive\\Desktop\\Semester5Kay\\booking-service\\vendor\\illuminate\\pipeline\\Pipeline.php(119): Laravel\\Lumen\\Routing\\Pipeline->Laravel\\Lumen\\Routing\\{closure}(Object(Laravel\\Lumen\\Http\\Request))
#27 C:\\Users\\HP\\OneDrive\\Desktop\\Semester5Kay\\booking-service\\vendor\\laravel\\lumen-framework\\src\\Concerns\\RoutesRequests.php(428): Illuminate\\Pipeline\\Pipeline->then(Object(Closure))
#28 C:\\Users\\HP\\OneDrive\\Desktop\\Semester5Kay\\booking-service\\vendor\\laravel\\lumen-framework\\src\\Concerns\\RoutesRequests.php(167): Laravel\\Lumen\\Application->sendThroughPipeline(Array, Object(Closure))
#29 C:\\Users\\HP\\OneDrive\\Desktop\\Semester5Kay\\booking-service\\vendor\\laravel\\lumen-framework\\src\\Concerns\\RoutesRequests.php(112): Laravel\\Lumen\\Application->dispatch(NULL)
#30 C:\\Users\\HP\\OneDrive\\Desktop\\Semester5Kay\\booking-service\\public\\index.php(28): Laravel\\Lumen\\Application->run()
#31 {main}

[previous exception] [object] (PDOException(code: 7): SQLSTATE[08006] [7] could not translate host name \"db\" to address: Unknown host at C:\\Users\\HP\\OneDrive\\Desktop\\Semester5Kay\\booking-service\\vendor\\illuminate\\database\\Connectors\\Connector.php:65)
[stacktrace]
#0 C:\\Users\\HP\\OneDrive\\Desktop\\Semester5Kay\\booking-service\\vendor\\illuminate\\database\\Connectors\\Connector.php(65): PDO->__construct('pgsql:host=db;d...', 'hotel_user', Object(SensitiveParameterValue), Array)
#1 C:\\Users\\HP\\OneDrive\\Desktop\\Semester5Kay\\booking-service\\vendor\\illuminate\\database\\Connectors\\Connector.php(83): Illuminate\\Database\\Connectors\\Connector->createPdoConnection('pgsql:host=db;d...', 'hotel_user', 'secret', Array)
#2 C:\\Users\\HP\\OneDrive\\Desktop\\Semester5Kay\\booking-service\\vendor\\illuminate\\database\\Connectors\\Connector.php(48): Illuminate\\Database\\Connectors\\Connector->tryAgainIfCausedByLostConnection(Object(PDOException), 'pgsql:host=db;d...', 'hotel_user', 'secret', Array)
#3 C:\\Users\\HP\\OneDrive\\Desktop\\Semester5Kay\\booking-service\\vendor\\illuminate\\database\\Connectors\\PostgresConnector.php(35): Illuminate\\Database\\Connectors\\Connector->createConnection('pgsql:host=db;d...', Array, Array)
#4 C:\\Users\\HP\\OneDrive\\Desktop\\Semester5Kay\\booking-service\\vendor\\illuminate\\database\\Connectors\\ConnectionFactory.php(184): Illuminate\\Database\\Connectors\\PostgresConnector->connect(Array)
#5 [internal function]: Illuminate\\Database\\Connectors\\ConnectionFactory->Illuminate\\Database\\Connectors\\{closure}()
#6 C:\\Users\\HP\\OneDrive\\Desktop\\Semester5Kay\\booking-service\\vendor\\illuminate\\database\\Connection.php(1339): call_user_func(Object(Closure))
#7 C:\\Users\\HP\\OneDrive\\Desktop\\Semester5Kay\\booking-service\\vendor\\illuminate\\database\\Connection.php(1375): Illuminate\\Database\\Connection->getPdo()
#8 C:\\Users\\HP\\OneDrive\\Desktop\\Semester5Kay\\booking-service\\vendor\\illuminate\\database\\Connection.php(528): Illuminate\\Database\\Connection->getReadPdo()
#9 C:\\Users\\HP\\OneDrive\\Desktop\\Semester5Kay\\booking-service\\vendor\\illuminate\\database\\Connection.php(423): Illuminate\\Database\\Connection->getPdoForSelect(true)
#10 C:\\Users\\HP\\OneDrive\\Desktop\\Semester5Kay\\booking-service\\vendor\\illuminate\\database\\Connection.php(816): Illuminate\\Database\\Connection->Illuminate\\Database\\{closure}('select * from \"...', Array)
#11 C:\\Users\\HP\\OneDrive\\Desktop\\Semester5Kay\\booking-service\\vendor\\illuminate\\database\\Connection.php(983): Illuminate\\Database\\Connection->runQueryCallback('select * from \"...', Array, Object(Closure))
#12 C:\\Users\\HP\\OneDrive\\Desktop\\Semester5Kay\\booking-service\\vendor\\illuminate\\database\\Connection.php(962): Illuminate\\Database\\Connection->tryAgainIfCausedByLostConnection(Object(Illuminate\\Database\\QueryException), 'select * from \"...', Array, Object(Closure))
#13 C:\\Users\\HP\\OneDrive\\Desktop\\Semester5Kay\\booking-service\\vendor\\illuminate\\database\\Connection.php(785): Illuminate\\Database\\Connection->handleQueryException(Object(Illuminate\\Database\\QueryException), 'select * from \"...', Array, Object(Closure))
#14 C:\\Users\\HP\\OneDrive\\Desktop\\Semester5Kay\\booking-service\\vendor\\illuminate\\database\\Connection.php(414): Illuminate\\Database\\Connection->run('select * from \"...', Array, Object(Closure))
#15 C:\\Users\\HP\\OneDrive\\Desktop\\Semester5Kay\\booking-service\\vendor\\illuminate\\database\\Query\\Builder.php(2913): Illuminate\\Database\\Connection->select('select * from \"...', Array, true)
#16 C:\\Users\\HP\\OneDrive\\Desktop\\Semester5Kay\\booking-service\\vendor\\illuminate\\database\\Query\\Builder.php(2902): Illuminate\\Database\\Query\\Builder->runSelect()
#17 C:\\Users\\HP\\OneDrive\\Desktop\\Semester5Kay\\booking-service\\vendor\\illuminate\\database\\Query\\Builder.php(3456): Illuminate\\Database\\Query\\Builder->Illuminate\\Database\\Query\\{closure}()
#18 C:\\Users\\HP\\OneDrive\\Desktop\\Semester5Kay\\booking-service\\vendor\\illuminate\\database\\Query\\Builder.php(2901): Illuminate\\Database\\Query\\Builder->onceWithColumns(Array, Object(Closure))
#19 C:\\Users\\HP\\OneDrive\\Desktop\\Semester5Kay\\booking-service\\vendor\\illuminate\\database\\Eloquent\\Builder.php(739): Illuminate\\Database\\Query\\Builder->get(Array)
#20 C:\\Users\\HP\\OneDrive\\Desktop\\Semester5Kay\\booking-service\\vendor\\illuminate\\database\\Eloquent\\Builder.php(723): Illuminate\\Database\\Eloquent\\Builder->getModels(Array)
#21 C:\\Users\\HP\\OneDrive\\Desktop\\Semester5Kay\\booking-service\\app\\Http\\Controllers\\CustomerController.php(15): Illuminate\\Database\\Eloquent\\Builder->get()
#22 C:\\Users\\HP\\OneDrive\\Desktop\\Semester5Kay\\booking-service\\vendor\\illuminate\\container\\BoundMethod.php(36): App\\Http\\Controllers\\CustomerController->index()
#23 C:\\Users\\HP\\OneDrive\\Desktop\\Semester5Kay\\booking-service\\vendor\\illuminate\\container\\Util.php(41): Illuminate\\Container\\BoundMethod::Illuminate\\Container\\{closure}()
#24 C:\\Users\\HP\\OneDrive\\Desktop\\Semester5Kay\\booking-service\\vendor\\illuminate\\container\\BoundMethod.php(93): Illuminate\\Container\\Util::unwrapIfClosure(Object(Closure))
#25 C:\\Users\\HP\\OneDrive\\Desktop\\Semester5Kay\\booking-service\\vendor\\illuminate\\container\\BoundMethod.php(35): Illuminate\\Container\\BoundMethod::callBoundMethod(Object(Laravel\\Lumen\\Application), Array, Object(Closure))
#26 C:\\Users\\HP\\OneDrive\\Desktop\\Semester5Kay\\booking-service\\vendor\\illuminate\\container\\Container.php(662): Illuminate\\Container\\BoundMethod::call(Object(Laravel\\Lumen\\Application), Array, Array, NULL)
#27 C:\\Users\\HP\\OneDrive\\Desktop\\Semester5Kay\\booking-service\\vendor\\laravel\\lumen-framework\\src\\Concerns\\RoutesRequests.php(391): Illuminate\\Container\\Container->call(Array, Array)
#28 C:\\Users\\HP\\OneDrive\\Desktop\\Semester5Kay\\booking-service\\vendor\\laravel\\lumen-framework\\src\\Concerns\\RoutesRequests.php(356): Laravel\\Lumen\\Application->callControllerCallable(Array, Array)
#29 C:\\Users\\HP\\OneDrive\\Desktop\\Semester5Kay\\booking-service\\vendor\\laravel\\lumen-framework\\src\\Concerns\\RoutesRequests.php(331): Laravel\\Lumen\\Application->callLumenController(Object(App\\Http\\Controllers\\CustomerController), 'index', Array)
#30 C:\\Users\\HP\\OneDrive\\Desktop\\Semester5Kay\\booking-service\\vendor\\laravel\\lumen-framework\\src\\Concerns\\RoutesRequests.php(284): Laravel\\Lumen\\Application->callControllerAction(Array)
#31 C:\\Users\\HP\\OneDrive\\Desktop\\Semester5Kay\\booking-service\\vendor\\laravel\\lumen-framework\\src\\Concerns\\RoutesRequests.php(269): Laravel\\Lumen\\Application->callActionOnArrayBasedRoute(Array)
#32 C:\\Users\\HP\\OneDrive\\Desktop\\Semester5Kay\\booking-service\\vendor\\laravel\\lumen-framework\\src\\Concerns\\RoutesRequests.php(171): Laravel\\Lumen\\Application->handleFoundRoute(Array)
#33 C:\\Users\\HP\\OneDrive\\Desktop\\Semester5Kay\\booking-service\\vendor\\laravel\\lumen-framework\\src\\Routing\\Pipeline.php(48): Laravel\\Lumen\\Application->Laravel\\Lumen\\Concerns\\{closure}(Object(Laravel\\Lumen\\Http\\Request))
#34 C:\\Users\\HP\\OneDrive\\Desktop\\Semester5Kay\\booking-service\\bootstrap\\app.php(39): Laravel\\Lumen\\Routing\\Pipeline->Laravel\\Lumen\\Routing\\{closure}(Object(Laravel\\Lumen\\Http\\Request))
#35 C:\\Users\\HP\\OneDrive\\Desktop\\Semester5Kay\\booking-service\\vendor\\illuminate\\pipeline\\Pipeline.php(165): {closure}(Object(Laravel\\Lumen\\Http\\Request), Object(Closure))
#36 C:\\Users\\HP\\OneDrive\\Desktop\\Semester5Kay\\booking-service\\vendor\\laravel\\lumen-framework\\src\\Routing\\Pipeline.php(30): Illuminate\\Pipeline\\Pipeline->Illuminate\\Pipeline\\{closure}(Object(Laravel\\Lumen\\Http\\Request))
#37 C:\\Users\\HP\\OneDrive\\Desktop\\Semester5Kay\\booking-service\\vendor\\illuminate\\pipeline\\Pipeline.php(119): Laravel\\Lumen\\Routing\\Pipeline->Laravel\\Lumen\\Routing\\{closure}(Object(Laravel\\Lumen\\Http\\Request))
#38 C:\\Users\\HP\\OneDrive\\Desktop\\Semester5Kay\\booking-service\\vendor\\laravel\\lumen-framework\\src\\Concerns\\RoutesRequests.php(428): Illuminate\\Pipeline\\Pipeline->then(Object(Closure))
#39 C:\\Users\\HP\\OneDrive\\Desktop\\Semester5Kay\\booking-service\\vendor\\laravel\\lumen-framework\\src\\Concerns\\RoutesRequests.php(167): Laravel\\Lumen\\Application->sendThroughPipeline(Array, Object(Closure))
#40 C:\\Users\\HP\\OneDrive\\Desktop\\Semester5Kay\\booking-service\\vendor\\laravel\\lumen-framework\\src\\Concerns\\RoutesRequests.php(112): Laravel\\Lumen\\Application->dispatch(NULL)
#41 C:\\Users\\HP\\OneDrive\\Desktop\\Semester5Kay\\booking-service\\public\\index.php(28): Laravel\\Lumen\\Application->run()
#42 {main}
"} 
[2025-06-11 00:38:17] local.ERROR: SQLSTATE[08006] [7] could not translate host name "db" to address: Unknown host (Connection: pgsql, SQL: select * from "bookings") {"exception":"[object] (Illuminate\\Database\\QueryException(code: 7): SQLSTATE[08006] [7] could not translate host name \"db\" to address: Unknown host (Connection: pgsql, SQL: select * from \"bookings\") at C:\\Users\\HP\\OneDrive\\Desktop\\Semester5Kay\\booking-service\\vendor\\illuminate\\database\\Connection.php:829)
[stacktrace]
#0 C:\\Users\\HP\\OneDrive\\Desktop\\Semester5Kay\\booking-service\\vendor\\illuminate\\database\\Connection.php(983): Illuminate\\Database\\Connection->runQueryCallback('select * from \"...', Array, Object(Closure))
#1 C:\\Users\\HP\\OneDrive\\Desktop\\Semester5Kay\\booking-service\\vendor\\illuminate\\database\\Connection.php(962): Illuminate\\Database\\Connection->tryAgainIfCausedByLostConnection(Object(Illuminate\\Database\\QueryException), 'select * from \"...', Array, Object(Closure))
#2 C:\\Users\\HP\\OneDrive\\Desktop\\Semester5Kay\\booking-service\\vendor\\illuminate\\database\\Connection.php(785): Illuminate\\Database\\Connection->handleQueryException(Object(Illuminate\\Database\\QueryException), 'select * from \"...', Array, Object(Closure))
#3 C:\\Users\\HP\\OneDrive\\Desktop\\Semester5Kay\\booking-service\\vendor\\illuminate\\database\\Connection.php(414): Illuminate\\Database\\Connection->run('select * from \"...', Array, Object(Closure))
#4 C:\\Users\\HP\\OneDrive\\Desktop\\Semester5Kay\\booking-service\\vendor\\illuminate\\database\\Query\\Builder.php(2913): Illuminate\\Database\\Connection->select('select * from \"...', Array, true)
#5 C:\\Users\\HP\\OneDrive\\Desktop\\Semester5Kay\\booking-service\\vendor\\illuminate\\database\\Query\\Builder.php(2902): Illuminate\\Database\\Query\\Builder->runSelect()
#6 C:\\Users\\HP\\OneDrive\\Desktop\\Semester5Kay\\booking-service\\vendor\\illuminate\\database\\Query\\Builder.php(3456): Illuminate\\Database\\Query\\Builder->Illuminate\\Database\\Query\\{closure}()
#7 C:\\Users\\HP\\OneDrive\\Desktop\\Semester5Kay\\booking-service\\vendor\\illuminate\\database\\Query\\Builder.php(2901): Illuminate\\Database\\Query\\Builder->onceWithColumns(Array, Object(Closure))
#8 C:\\Users\\HP\\OneDrive\\Desktop\\Semester5Kay\\booking-service\\vendor\\illuminate\\database\\Eloquent\\Builder.php(739): Illuminate\\Database\\Query\\Builder->get(Array)
#9 C:\\Users\\HP\\OneDrive\\Desktop\\Semester5Kay\\booking-service\\vendor\\illuminate\\database\\Eloquent\\Builder.php(723): Illuminate\\Database\\Eloquent\\Builder->getModels(Array)
#10 C:\\Users\\HP\\OneDrive\\Desktop\\Semester5Kay\\booking-service\\app\\Http\\Controllers\\BookingController.php(14): Illuminate\\Database\\Eloquent\\Builder->get()
#11 C:\\Users\\HP\\OneDrive\\Desktop\\Semester5Kay\\booking-service\\vendor\\illuminate\\container\\BoundMethod.php(36): App\\Http\\Controllers\\BookingController->index()
#12 C:\\Users\\HP\\OneDrive\\Desktop\\Semester5Kay\\booking-service\\vendor\\illuminate\\container\\Util.php(41): Illuminate\\Container\\BoundMethod::Illuminate\\Container\\{closure}()
#13 C:\\Users\\HP\\OneDrive\\Desktop\\Semester5Kay\\booking-service\\vendor\\illuminate\\container\\BoundMethod.php(93): Illuminate\\Container\\Util::unwrapIfClosure(Object(Closure))
#14 C:\\Users\\HP\\OneDrive\\Desktop\\Semester5Kay\\booking-service\\vendor\\illuminate\\container\\BoundMethod.php(35): Illuminate\\Container\\BoundMethod::callBoundMethod(Object(Laravel\\Lumen\\Application), Array, Object(Closure))
#15 C:\\Users\\HP\\OneDrive\\Desktop\\Semester5Kay\\booking-service\\vendor\\illuminate\\container\\Container.php(662): Illuminate\\Container\\BoundMethod::call(Object(Laravel\\Lumen\\Application), Array, Array, NULL)
#16 C:\\Users\\HP\\OneDrive\\Desktop\\Semester5Kay\\booking-service\\vendor\\laravel\\lumen-framework\\src\\Concerns\\RoutesRequests.php(391): Illuminate\\Container\\Container->call(Array, Array)
#17 C:\\Users\\HP\\OneDrive\\Desktop\\Semester5Kay\\booking-service\\vendor\\laravel\\lumen-framework\\src\\Concerns\\RoutesRequests.php(356): Laravel\\Lumen\\Application->callControllerCallable(Array, Array)
#18 C:\\Users\\HP\\OneDrive\\Desktop\\Semester5Kay\\booking-service\\vendor\\laravel\\lumen-framework\\src\\Concerns\\RoutesRequests.php(331): Laravel\\Lumen\\Application->callLumenController(Object(App\\Http\\Controllers\\BookingController), 'index', Array)
#19 C:\\Users\\HP\\OneDrive\\Desktop\\Semester5Kay\\booking-service\\vendor\\laravel\\lumen-framework\\src\\Concerns\\RoutesRequests.php(284): Laravel\\Lumen\\Application->callControllerAction(Array)
#20 C:\\Users\\HP\\OneDrive\\Desktop\\Semester5Kay\\booking-service\\vendor\\laravel\\lumen-framework\\src\\Concerns\\RoutesRequests.php(269): Laravel\\Lumen\\Application->callActionOnArrayBasedRoute(Array)
#21 C:\\Users\\HP\\OneDrive\\Desktop\\Semester5Kay\\booking-service\\vendor\\laravel\\lumen-framework\\src\\Concerns\\RoutesRequests.php(171): Laravel\\Lumen\\Application->handleFoundRoute(Array)
#22 C:\\Users\\HP\\OneDrive\\Desktop\\Semester5Kay\\booking-service\\vendor\\laravel\\lumen-framework\\src\\Routing\\Pipeline.php(48): Laravel\\Lumen\\Application->Laravel\\Lumen\\Concerns\\{closure}(Object(Laravel\\Lumen\\Http\\Request))
#23 C:\\Users\\HP\\OneDrive\\Desktop\\Semester5Kay\\booking-service\\bootstrap\\app.php(39): Laravel\\Lumen\\Routing\\Pipeline->Laravel\\Lumen\\Routing\\{closure}(Object(Laravel\\Lumen\\Http\\Request))
#24 C:\\Users\\HP\\OneDrive\\Desktop\\Semester5Kay\\booking-service\\vendor\\illuminate\\pipeline\\Pipeline.php(165): {closure}(Object(Laravel\\Lumen\\Http\\Request), Object(Closure))
#25 C:\\Users\\HP\\OneDrive\\Desktop\\Semester5Kay\\booking-service\\vendor\\laravel\\lumen-framework\\src\\Routing\\Pipeline.php(30): Illuminate\\Pipeline\\Pipeline->Illuminate\\Pipeline\\{closure}(Object(Laravel\\Lumen\\Http\\Request))
#26 C:\\Users\\HP\\OneDrive\\Desktop\\Semester5Kay\\booking-service\\vendor\\illuminate\\pipeline\\Pipeline.php(119): Laravel\\Lumen\\Routing\\Pipeline->Laravel\\Lumen\\Routing\\{closure}(Object(Laravel\\Lumen\\Http\\Request))
#27 C:\\Users\\HP\\OneDrive\\Desktop\\Semester5Kay\\booking-service\\vendor\\laravel\\lumen-framework\\src\\Concerns\\RoutesRequests.php(428): Illuminate\\Pipeline\\Pipeline->then(Object(Closure))
#28 C:\\Users\\HP\\OneDrive\\Desktop\\Semester5Kay\\booking-service\\vendor\\laravel\\lumen-framework\\src\\Concerns\\RoutesRequests.php(167): Laravel\\Lumen\\Application->sendThroughPipeline(Array, Object(Closure))
#29 C:\\Users\\HP\\OneDrive\\Desktop\\Semester5Kay\\booking-service\\vendor\\laravel\\lumen-framework\\src\\Concerns\\RoutesRequests.php(112): Laravel\\Lumen\\Application->dispatch(NULL)
#30 C:\\Users\\HP\\OneDrive\\Desktop\\Semester5Kay\\booking-service\\public\\index.php(28): Laravel\\Lumen\\Application->run()
#31 {main}

[previous exception] [object] (PDOException(code: 7): SQLSTATE[08006] [7] could not translate host name \"db\" to address: Unknown host at C:\\Users\\HP\\OneDrive\\Desktop\\Semester5Kay\\booking-service\\vendor\\illuminate\\database\\Connectors\\Connector.php:65)
[stacktrace]
#0 C:\\Users\\HP\\OneDrive\\Desktop\\Semester5Kay\\booking-service\\vendor\\illuminate\\database\\Connectors\\Connector.php(65): PDO->__construct('pgsql:host=db;d...', 'hotel_user', Object(SensitiveParameterValue), Array)
#1 C:\\Users\\HP\\OneDrive\\Desktop\\Semester5Kay\\booking-service\\vendor\\illuminate\\database\\Connectors\\Connector.php(83): Illuminate\\Database\\Connectors\\Connector->createPdoConnection('pgsql:host=db;d...', 'hotel_user', 'secret', Array)
#2 C:\\Users\\HP\\OneDrive\\Desktop\\Semester5Kay\\booking-service\\vendor\\illuminate\\database\\Connectors\\Connector.php(48): Illuminate\\Database\\Connectors\\Connector->tryAgainIfCausedByLostConnection(Object(PDOException), 'pgsql:host=db;d...', 'hotel_user', 'secret', Array)
#3 C:\\Users\\HP\\OneDrive\\Desktop\\Semester5Kay\\booking-service\\vendor\\illuminate\\database\\Connectors\\PostgresConnector.php(35): Illuminate\\Database\\Connectors\\Connector->createConnection('pgsql:host=db;d...', Array, Array)
#4 C:\\Users\\HP\\OneDrive\\Desktop\\Semester5Kay\\booking-service\\vendor\\illuminate\\database\\Connectors\\ConnectionFactory.php(184): Illuminate\\Database\\Connectors\\PostgresConnector->connect(Array)
#5 [internal function]: Illuminate\\Database\\Connectors\\ConnectionFactory->Illuminate\\Database\\Connectors\\{closure}()
#6 C:\\Users\\HP\\OneDrive\\Desktop\\Semester5Kay\\booking-service\\vendor\\illuminate\\database\\Connection.php(1339): call_user_func(Object(Closure))
#7 C:\\Users\\HP\\OneDrive\\Desktop\\Semester5Kay\\booking-service\\vendor\\illuminate\\database\\Connection.php(1375): Illuminate\\Database\\Connection->getPdo()
#8 C:\\Users\\HP\\OneDrive\\Desktop\\Semester5Kay\\booking-service\\vendor\\illuminate\\database\\Connection.php(528): Illuminate\\Database\\Connection->getReadPdo()
#9 C:\\Users\\HP\\OneDrive\\Desktop\\Semester5Kay\\booking-service\\vendor\\illuminate\\database\\Connection.php(423): Illuminate\\Database\\Connection->getPdoForSelect(true)
#10 C:\\Users\\HP\\OneDrive\\Desktop\\Semester5Kay\\booking-service\\vendor\\illuminate\\database\\Connection.php(816): Illuminate\\Database\\Connection->Illuminate\\Database\\{closure}('select * from \"...', Array)
#11 C:\\Users\\HP\\OneDrive\\Desktop\\Semester5Kay\\booking-service\\vendor\\illuminate\\database\\Connection.php(983): Illuminate\\Database\\Connection->runQueryCallback('select * from \"...', Array, Object(Closure))
#12 C:\\Users\\HP\\OneDrive\\Desktop\\Semester5Kay\\booking-service\\vendor\\illuminate\\database\\Connection.php(962): Illuminate\\Database\\Connection->tryAgainIfCausedByLostConnection(Object(Illuminate\\Database\\QueryException), 'select * from \"...', Array, Object(Closure))
#13 C:\\Users\\HP\\OneDrive\\Desktop\\Semester5Kay\\booking-service\\vendor\\illuminate\\database\\Connection.php(785): Illuminate\\Database\\Connection->handleQueryException(Object(Illuminate\\Database\\QueryException), 'select * from \"...', Array, Object(Closure))
#14 C:\\Users\\HP\\OneDrive\\Desktop\\Semester5Kay\\booking-service\\vendor\\illuminate\\database\\Connection.php(414): Illuminate\\Database\\Connection->run('select * from \"...', Array, Object(Closure))
#15 C:\\Users\\HP\\OneDrive\\Desktop\\Semester5Kay\\booking-service\\vendor\\illuminate\\database\\Query\\Builder.php(2913): Illuminate\\Database\\Connection->select('select * from \"...', Array, true)
#16 C:\\Users\\HP\\OneDrive\\Desktop\\Semester5Kay\\booking-service\\vendor\\illuminate\\database\\Query\\Builder.php(2902): Illuminate\\Database\\Query\\Builder->runSelect()
#17 C:\\Users\\HP\\OneDrive\\Desktop\\Semester5Kay\\booking-service\\vendor\\illuminate\\database\\Query\\Builder.php(3456): Illuminate\\Database\\Query\\Builder->Illuminate\\Database\\Query\\{closure}()
#18 C:\\Users\\HP\\OneDrive\\Desktop\\Semester5Kay\\booking-service\\vendor\\illuminate\\database\\Query\\Builder.php(2901): Illuminate\\Database\\Query\\Builder->onceWithColumns(Array, Object(Closure))
#19 C:\\Users\\HP\\OneDrive\\Desktop\\Semester5Kay\\booking-service\\vendor\\illuminate\\database\\Eloquent\\Builder.php(739): Illuminate\\Database\\Query\\Builder->get(Array)
#20 C:\\Users\\HP\\OneDrive\\Desktop\\Semester5Kay\\booking-service\\vendor\\illuminate\\database\\Eloquent\\Builder.php(723): Illuminate\\Database\\Eloquent\\Builder->getModels(Array)
#21 C:\\Users\\HP\\OneDrive\\Desktop\\Semester5Kay\\booking-service\\app\\Http\\Controllers\\BookingController.php(14): Illuminate\\Database\\Eloquent\\Builder->get()
#22 C:\\Users\\HP\\OneDrive\\Desktop\\Semester5Kay\\booking-service\\vendor\\illuminate\\container\\BoundMethod.php(36): App\\Http\\Controllers\\BookingController->index()
#23 C:\\Users\\HP\\OneDrive\\Desktop\\Semester5Kay\\booking-service\\vendor\\illuminate\\container\\Util.php(41): Illuminate\\Container\\BoundMethod::Illuminate\\Container\\{closure}()
#24 C:\\Users\\HP\\OneDrive\\Desktop\\Semester5Kay\\booking-service\\vendor\\illuminate\\container\\BoundMethod.php(93): Illuminate\\Container\\Util::unwrapIfClosure(Object(Closure))
#25 C:\\Users\\HP\\OneDrive\\Desktop\\Semester5Kay\\booking-service\\vendor\\illuminate\\container\\BoundMethod.php(35): Illuminate\\Container\\BoundMethod::callBoundMethod(Object(Laravel\\Lumen\\Application), Array, Object(Closure))
#26 C:\\Users\\HP\\OneDrive\\Desktop\\Semester5Kay\\booking-service\\vendor\\illuminate\\container\\Container.php(662): Illuminate\\Container\\BoundMethod::call(Object(Laravel\\Lumen\\Application), Array, Array, NULL)
#27 C:\\Users\\HP\\OneDrive\\Desktop\\Semester5Kay\\booking-service\\vendor\\laravel\\lumen-framework\\src\\Concerns\\RoutesRequests.php(391): Illuminate\\Container\\Container->call(Array, Array)
#28 C:\\Users\\HP\\OneDrive\\Desktop\\Semester5Kay\\booking-service\\vendor\\laravel\\lumen-framework\\src\\Concerns\\RoutesRequests.php(356): Laravel\\Lumen\\Application->callControllerCallable(Array, Array)
#29 C:\\Users\\HP\\OneDrive\\Desktop\\Semester5Kay\\booking-service\\vendor\\laravel\\lumen-framework\\src\\Concerns\\RoutesRequests.php(331): Laravel\\Lumen\\Application->callLumenController(Object(App\\Http\\Controllers\\BookingController), 'index', Array)
#30 C:\\Users\\HP\\OneDrive\\Desktop\\Semester5Kay\\booking-service\\vendor\\laravel\\lumen-framework\\src\\Concerns\\RoutesRequests.php(284): Laravel\\Lumen\\Application->callControllerAction(Array)
#31 C:\\Users\\HP\\OneDrive\\Desktop\\Semester5Kay\\booking-service\\vendor\\laravel\\lumen-framework\\src\\Concerns\\RoutesRequests.php(269): Laravel\\Lumen\\Application->callActionOnArrayBasedRoute(Array)
#32 C:\\Users\\HP\\OneDrive\\Desktop\\Semester5Kay\\booking-service\\vendor\\laravel\\lumen-framework\\src\\Concerns\\RoutesRequests.php(171): Laravel\\Lumen\\Application->handleFoundRoute(Array)
#33 C:\\Users\\HP\\OneDrive\\Desktop\\Semester5Kay\\booking-service\\vendor\\laravel\\lumen-framework\\src\\Routing\\Pipeline.php(48): Laravel\\Lumen\\Application->Laravel\\Lumen\\Concerns\\{closure}(Object(Laravel\\Lumen\\Http\\Request))
#34 C:\\Users\\HP\\OneDrive\\Desktop\\Semester5Kay\\booking-service\\bootstrap\\app.php(39): Laravel\\Lumen\\Routing\\Pipeline->Laravel\\Lumen\\Routing\\{closure}(Object(Laravel\\Lumen\\Http\\Request))
#35 C:\\Users\\HP\\OneDrive\\Desktop\\Semester5Kay\\booking-service\\vendor\\illuminate\\pipeline\\Pipeline.php(165): {closure}(Object(Laravel\\Lumen\\Http\\Request), Object(Closure))
#36 C:\\Users\\HP\\OneDrive\\Desktop\\Semester5Kay\\booking-service\\vendor\\laravel\\lumen-framework\\src\\Routing\\Pipeline.php(30): Illuminate\\Pipeline\\Pipeline->Illuminate\\Pipeline\\{closure}(Object(Laravel\\Lumen\\Http\\Request))
#37 C:\\Users\\HP\\OneDrive\\Desktop\\Semester5Kay\\booking-service\\vendor\\illuminate\\pipeline\\Pipeline.php(119): Laravel\\Lumen\\Routing\\Pipeline->Laravel\\Lumen\\Routing\\{closure}(Object(Laravel\\Lumen\\Http\\Request))
#38 C:\\Users\\HP\\OneDrive\\Desktop\\Semester5Kay\\booking-service\\vendor\\laravel\\lumen-framework\\src\\Concerns\\RoutesRequests.php(428): Illuminate\\Pipeline\\Pipeline->then(Object(Closure))
#39 C:\\Users\\HP\\OneDrive\\Desktop\\Semester5Kay\\booking-service\\vendor\\laravel\\lumen-framework\\src\\Concerns\\RoutesRequests.php(167): Laravel\\Lumen\\Application->sendThroughPipeline(Array, Object(Closure))
#40 C:\\Users\\HP\\OneDrive\\Desktop\\Semester5Kay\\booking-service\\vendor\\laravel\\lumen-framework\\src\\Concerns\\RoutesRequests.php(112): Laravel\\Lumen\\Application->dispatch(NULL)
#41 C:\\Users\\HP\\OneDrive\\Desktop\\Semester5Kay\\booking-service\\public\\index.php(28): Laravel\\Lumen\\Application->run()
#42 {main}
"} 
[2025-06-11 00:38:41] local.ERROR: SQLSTATE[08006] [7] could not translate host name "db" to address: Unknown host (Connection: pgsql, SQL: select count(*) as aggregate from "customers" where "id" = 78) {"exception":"[object] (Illuminate\\Database\\QueryException(code: 7): SQLSTATE[08006] [7] could not translate host name \"db\" to address: Unknown host (Connection: pgsql, SQL: select count(*) as aggregate from \"customers\" where \"id\" = 78) at C:\\Users\\HP\\OneDrive\\Desktop\\Semester5Kay\\booking-service\\vendor\\illuminate\\database\\Connection.php:829)
[stacktrace]
#0 C:\\Users\\HP\\OneDrive\\Desktop\\Semester5Kay\\booking-service\\vendor\\illuminate\\database\\Connection.php(983): Illuminate\\Database\\Connection->runQueryCallback('select count(*)...', Array, Object(Closure))
#1 C:\\Users\\HP\\OneDrive\\Desktop\\Semester5Kay\\booking-service\\vendor\\illuminate\\database\\Connection.php(962): Illuminate\\Database\\Connection->tryAgainIfCausedByLostConnection(Object(Illuminate\\Database\\QueryException), 'select count(*)...', Array, Object(Closure))
#2 C:\\Users\\HP\\OneDrive\\Desktop\\Semester5Kay\\booking-service\\vendor\\illuminate\\database\\Connection.php(785): Illuminate\\Database\\Connection->handleQueryException(Object(Illuminate\\Database\\QueryException), 'select count(*)...', Array, Object(Closure))
#3 C:\\Users\\HP\\OneDrive\\Desktop\\Semester5Kay\\booking-service\\vendor\\illuminate\\database\\Connection.php(414): Illuminate\\Database\\Connection->run('select count(*)...', Array, Object(Closure))
#4 C:\\Users\\HP\\OneDrive\\Desktop\\Semester5Kay\\booking-service\\vendor\\illuminate\\database\\Query\\Builder.php(2913): Illuminate\\Database\\Connection->select('select count(*)...', Array, false)
#5 C:\\Users\\HP\\OneDrive\\Desktop\\Semester5Kay\\booking-service\\vendor\\illuminate\\database\\Query\\Builder.php(2902): Illuminate\\Database\\Query\\Builder->runSelect()
#6 C:\\Users\\HP\\OneDrive\\Desktop\\Semester5Kay\\booking-service\\vendor\\illuminate\\database\\Query\\Builder.php(3456): Illuminate\\Database\\Query\\Builder->Illuminate\\Database\\Query\\{closure}()
#7 C:\\Users\\HP\\OneDrive\\Desktop\\Semester5Kay\\booking-service\\vendor\\illuminate\\database\\Query\\Builder.php(2901): Illuminate\\Database\\Query\\Builder->onceWithColumns(Array, Object(Closure))
#8 C:\\Users\\HP\\OneDrive\\Desktop\\Semester5Kay\\booking-service\\vendor\\illuminate\\database\\Query\\Builder.php(3383): Illuminate\\Database\\Query\\Builder->get(Array)
#9 C:\\Users\\HP\\OneDrive\\Desktop\\Semester5Kay\\booking-service\\vendor\\illuminate\\database\\Query\\Builder.php(3311): Illuminate\\Database\\Query\\Builder->aggregate('count', Array)
#10 C:\\Users\\HP\\OneDrive\\Desktop\\Semester5Kay\\booking-service\\vendor\\illuminate\\validation\\DatabasePresenceVerifier.php(54): Illuminate\\Database\\Query\\Builder->count()
#11 C:\\Users\\HP\\OneDrive\\Desktop\\Semester5Kay\\booking-service\\vendor\\illuminate\\validation\\Concerns\\ValidatesAttributes.php(903): Illuminate\\Validation\\DatabasePresenceVerifier->getCount('customers', 'id', '78', NULL, NULL, Array)
#12 C:\\Users\\HP\\OneDrive\\Desktop\\Semester5Kay\\booking-service\\vendor\\illuminate\\validation\\Concerns\\ValidatesAttributes.php(874): Illuminate\\Validation\\Validator->getExistCount(NULL, 'customers', 'id', '78', Array)
#13 C:\\Users\\HP\\OneDrive\\Desktop\\Semester5Kay\\booking-service\\vendor\\illuminate\\validation\\Validator.php(658): Illuminate\\Validation\\Validator->validateExists('customer_id', '78', Array, Object(Illuminate\\Validation\\Validator))
#14 C:\\Users\\HP\\OneDrive\\Desktop\\Semester5Kay\\booking-service\\vendor\\illuminate\\validation\\Validator.php(457): Illuminate\\Validation\\Validator->validateAttribute('customer_id', 'Exists')
#15 C:\\Users\\HP\\OneDrive\\Desktop\\Semester5Kay\\booking-service\\vendor\\illuminate\\validation\\Validator.php(492): Illuminate\\Validation\\Validator->passes()
#16 C:\\Users\\HP\\OneDrive\\Desktop\\Semester5Kay\\booking-service\\app\\Http\\Controllers\\BookingController.php(29): Illuminate\\Validation\\Validator->fails()
#17 C:\\Users\\HP\\OneDrive\\Desktop\\Semester5Kay\\booking-service\\vendor\\illuminate\\container\\BoundMethod.php(36): App\\Http\\Controllers\\BookingController->store(Object(Laravel\\Lumen\\Http\\Request))
#18 C:\\Users\\HP\\OneDrive\\Desktop\\Semester5Kay\\booking-service\\vendor\\illuminate\\container\\Util.php(41): Illuminate\\Container\\BoundMethod::Illuminate\\Container\\{closure}()
#19 C:\\Users\\HP\\OneDrive\\Desktop\\Semester5Kay\\booking-service\\vendor\\illuminate\\container\\BoundMethod.php(93): Illuminate\\Container\\Util::unwrapIfClosure(Object(Closure))
#20 C:\\Users\\HP\\OneDrive\\Desktop\\Semester5Kay\\booking-service\\vendor\\illuminate\\container\\BoundMethod.php(35): Illuminate\\Container\\BoundMethod::callBoundMethod(Object(Laravel\\Lumen\\Application), Array, Object(Closure))
#21 C:\\Users\\HP\\OneDrive\\Desktop\\Semester5Kay\\booking-service\\vendor\\illuminate\\container\\Container.php(662): Illuminate\\Container\\BoundMethod::call(Object(Laravel\\Lumen\\Application), Array, Array, NULL)
#22 C:\\Users\\HP\\OneDrive\\Desktop\\Semester5Kay\\booking-service\\vendor\\laravel\\lumen-framework\\src\\Concerns\\RoutesRequests.php(391): Illuminate\\Container\\Container->call(Array, Array)
#23 C:\\Users\\HP\\OneDrive\\Desktop\\Semester5Kay\\booking-service\\vendor\\laravel\\lumen-framework\\src\\Concerns\\RoutesRequests.php(356): Laravel\\Lumen\\Application->callControllerCallable(Array, Array)
#24 C:\\Users\\HP\\OneDrive\\Desktop\\Semester5Kay\\booking-service\\vendor\\laravel\\lumen-framework\\src\\Concerns\\RoutesRequests.php(331): Laravel\\Lumen\\Application->callLumenController(Object(App\\Http\\Controllers\\BookingController), 'store', Array)
#25 C:\\Users\\HP\\OneDrive\\Desktop\\Semester5Kay\\booking-service\\vendor\\laravel\\lumen-framework\\src\\Concerns\\RoutesRequests.php(284): Laravel\\Lumen\\Application->callControllerAction(Array)
#26 C:\\Users\\HP\\OneDrive\\Desktop\\Semester5Kay\\booking-service\\vendor\\laravel\\lumen-framework\\src\\Concerns\\RoutesRequests.php(269): Laravel\\Lumen\\Application->callActionOnArrayBasedRoute(Array)
#27 C:\\Users\\HP\\OneDrive\\Desktop\\Semester5Kay\\booking-service\\vendor\\laravel\\lumen-framework\\src\\Concerns\\RoutesRequests.php(171): Laravel\\Lumen\\Application->handleFoundRoute(Array)
#28 C:\\Users\\HP\\OneDrive\\Desktop\\Semester5Kay\\booking-service\\vendor\\laravel\\lumen-framework\\src\\Routing\\Pipeline.php(48): Laravel\\Lumen\\Application->Laravel\\Lumen\\Concerns\\{closure}(Object(Laravel\\Lumen\\Http\\Request))
#29 C:\\Users\\HP\\OneDrive\\Desktop\\Semester5Kay\\booking-service\\bootstrap\\app.php(39): Laravel\\Lumen\\Routing\\Pipeline->Laravel\\Lumen\\Routing\\{closure}(Object(Laravel\\Lumen\\Http\\Request))
#30 C:\\Users\\HP\\OneDrive\\Desktop\\Semester5Kay\\booking-service\\vendor\\illuminate\\pipeline\\Pipeline.php(165): {closure}(Object(Laravel\\Lumen\\Http\\Request), Object(Closure))
#31 C:\\Users\\HP\\OneDrive\\Desktop\\Semester5Kay\\booking-service\\vendor\\laravel\\lumen-framework\\src\\Routing\\Pipeline.php(30): Illuminate\\Pipeline\\Pipeline->Illuminate\\Pipeline\\{closure}(Object(Laravel\\Lumen\\Http\\Request))
#32 C:\\Users\\HP\\OneDrive\\Desktop\\Semester5Kay\\booking-service\\vendor\\illuminate\\pipeline\\Pipeline.php(119): Laravel\\Lumen\\Routing\\Pipeline->Laravel\\Lumen\\Routing\\{closure}(Object(Laravel\\Lumen\\Http\\Request))
#33 C:\\Users\\HP\\OneDrive\\Desktop\\Semester5Kay\\booking-service\\vendor\\laravel\\lumen-framework\\src\\Concerns\\RoutesRequests.php(428): Illuminate\\Pipeline\\Pipeline->then(Object(Closure))
#34 C:\\Users\\HP\\OneDrive\\Desktop\\Semester5Kay\\booking-service\\vendor\\laravel\\lumen-framework\\src\\Concerns\\RoutesRequests.php(167): Laravel\\Lumen\\Application->sendThroughPipeline(Array, Object(Closure))
#35 C:\\Users\\HP\\OneDrive\\Desktop\\Semester5Kay\\booking-service\\vendor\\laravel\\lumen-framework\\src\\Concerns\\RoutesRequests.php(112): Laravel\\Lumen\\Application->dispatch(NULL)
#36 C:\\Users\\HP\\OneDrive\\Desktop\\Semester5Kay\\booking-service\\public\\index.php(28): Laravel\\Lumen\\Application->run()
#37 {main}

[previous exception] [object] (PDOException(code: 7): SQLSTATE[08006] [7] could not translate host name \"db\" to address: Unknown host at C:\\Users\\HP\\OneDrive\\Desktop\\Semester5Kay\\booking-service\\vendor\\illuminate\\database\\Connectors\\Connector.php:65)
[stacktrace]
#0 C:\\Users\\HP\\OneDrive\\Desktop\\Semester5Kay\\booking-service\\vendor\\illuminate\\database\\Connectors\\Connector.php(65): PDO->__construct('pgsql:host=db;d...', 'hotel_user', Object(SensitiveParameterValue), Array)
#1 C:\\Users\\HP\\OneDrive\\Desktop\\Semester5Kay\\booking-service\\vendor\\illuminate\\database\\Connectors\\Connector.php(83): Illuminate\\Database\\Connectors\\Connector->createPdoConnection('pgsql:host=db;d...', 'hotel_user', 'secret', Array)
#2 C:\\Users\\HP\\OneDrive\\Desktop\\Semester5Kay\\booking-service\\vendor\\illuminate\\database\\Connectors\\Connector.php(48): Illuminate\\Database\\Connectors\\Connector->tryAgainIfCausedByLostConnection(Object(PDOException), 'pgsql:host=db;d...', 'hotel_user', 'secret', Array)
#3 C:\\Users\\HP\\OneDrive\\Desktop\\Semester5Kay\\booking-service\\vendor\\illuminate\\database\\Connectors\\PostgresConnector.php(35): Illuminate\\Database\\Connectors\\Connector->createConnection('pgsql:host=db;d...', Array, Array)
#4 C:\\Users\\HP\\OneDrive\\Desktop\\Semester5Kay\\booking-service\\vendor\\illuminate\\database\\Connectors\\ConnectionFactory.php(184): Illuminate\\Database\\Connectors\\PostgresConnector->connect(Array)
#5 [internal function]: Illuminate\\Database\\Connectors\\ConnectionFactory->Illuminate\\Database\\Connectors\\{closure}()
#6 C:\\Users\\HP\\OneDrive\\Desktop\\Semester5Kay\\booking-service\\vendor\\illuminate\\database\\Connection.php(1339): call_user_func(Object(Closure))
#7 C:\\Users\\HP\\OneDrive\\Desktop\\Semester5Kay\\booking-service\\vendor\\illuminate\\database\\Connection.php(528): Illuminate\\Database\\Connection->getPdo()
#8 C:\\Users\\HP\\OneDrive\\Desktop\\Semester5Kay\\booking-service\\vendor\\illuminate\\database\\Connection.php(423): Illuminate\\Database\\Connection->getPdoForSelect(false)
#9 C:\\Users\\HP\\OneDrive\\Desktop\\Semester5Kay\\booking-service\\vendor\\illuminate\\database\\Connection.php(816): Illuminate\\Database\\Connection->Illuminate\\Database\\{closure}('select count(*)...', Array)
#10 C:\\Users\\HP\\OneDrive\\Desktop\\Semester5Kay\\booking-service\\vendor\\illuminate\\database\\Connection.php(983): Illuminate\\Database\\Connection->runQueryCallback('select count(*)...', Array, Object(Closure))
#11 C:\\Users\\HP\\OneDrive\\Desktop\\Semester5Kay\\booking-service\\vendor\\illuminate\\database\\Connection.php(962): Illuminate\\Database\\Connection->tryAgainIfCausedByLostConnection(Object(Illuminate\\Database\\QueryException), 'select count(*)...', Array, Object(Closure))
#12 C:\\Users\\HP\\OneDrive\\Desktop\\Semester5Kay\\booking-service\\vendor\\illuminate\\database\\Connection.php(785): Illuminate\\Database\\Connection->handleQueryException(Object(Illuminate\\Database\\QueryException), 'select count(*)...', Array, Object(Closure))
#13 C:\\Users\\HP\\OneDrive\\Desktop\\Semester5Kay\\booking-service\\vendor\\illuminate\\database\\Connection.php(414): Illuminate\\Database\\Connection->run('select count(*)...', Array, Object(Closure))
#14 C:\\Users\\HP\\OneDrive\\Desktop\\Semester5Kay\\booking-service\\vendor\\illuminate\\database\\Query\\Builder.php(2913): Illuminate\\Database\\Connection->select('select count(*)...', Array, false)
#15 C:\\Users\\HP\\OneDrive\\Desktop\\Semester5Kay\\booking-service\\vendor\\illuminate\\database\\Query\\Builder.php(2902): Illuminate\\Database\\Query\\Builder->runSelect()
#16 C:\\Users\\HP\\OneDrive\\Desktop\\Semester5Kay\\booking-service\\vendor\\illuminate\\database\\Query\\Builder.php(3456): Illuminate\\Database\\Query\\Builder->Illuminate\\Database\\Query\\{closure}()
#17 C:\\Users\\HP\\OneDrive\\Desktop\\Semester5Kay\\booking-service\\vendor\\illuminate\\database\\Query\\Builder.php(2901): Illuminate\\Database\\Query\\Builder->onceWithColumns(Array, Object(Closure))
#18 C:\\Users\\HP\\OneDrive\\Desktop\\Semester5Kay\\booking-service\\vendor\\illuminate\\database\\Query\\Builder.php(3383): Illuminate\\Database\\Query\\Builder->get(Array)
#19 C:\\Users\\HP\\OneDrive\\Desktop\\Semester5Kay\\booking-service\\vendor\\illuminate\\database\\Query\\Builder.php(3311): Illuminate\\Database\\Query\\Builder->aggregate('count', Array)
#20 C:\\Users\\HP\\OneDrive\\Desktop\\Semester5Kay\\booking-service\\vendor\\illuminate\\validation\\DatabasePresenceVerifier.php(54): Illuminate\\Database\\Query\\Builder->count()
#21 C:\\Users\\HP\\OneDrive\\Desktop\\Semester5Kay\\booking-service\\vendor\\illuminate\\validation\\Concerns\\ValidatesAttributes.php(903): Illuminate\\Validation\\DatabasePresenceVerifier->getCount('customers', 'id', '78', NULL, NULL, Array)
#22 C:\\Users\\HP\\OneDrive\\Desktop\\Semester5Kay\\booking-service\\vendor\\illuminate\\validation\\Concerns\\ValidatesAttributes.php(874): Illuminate\\Validation\\Validator->getExistCount(NULL, 'customers', 'id', '78', Array)
#23 C:\\Users\\HP\\OneDrive\\Desktop\\Semester5Kay\\booking-service\\vendor\\illuminate\\validation\\Validator.php(658): Illuminate\\Validation\\Validator->validateExists('customer_id', '78', Array, Object(Illuminate\\Validation\\Validator))
#24 C:\\Users\\HP\\OneDrive\\Desktop\\Semester5Kay\\booking-service\\vendor\\illuminate\\validation\\Validator.php(457): Illuminate\\Validation\\Validator->validateAttribute('customer_id', 'Exists')
#25 C:\\Users\\HP\\OneDrive\\Desktop\\Semester5Kay\\booking-service\\vendor\\illuminate\\validation\\Validator.php(492): Illuminate\\Validation\\Validator->passes()
#26 C:\\Users\\HP\\OneDrive\\Desktop\\Semester5Kay\\booking-service\\app\\Http\\Controllers\\BookingController.php(29): Illuminate\\Validation\\Validator->fails()
#27 C:\\Users\\HP\\OneDrive\\Desktop\\Semester5Kay\\booking-service\\vendor\\illuminate\\container\\BoundMethod.php(36): App\\Http\\Controllers\\BookingController->store(Object(Laravel\\Lumen\\Http\\Request))
#28 C:\\Users\\HP\\OneDrive\\Desktop\\Semester5Kay\\booking-service\\vendor\\illuminate\\container\\Util.php(41): Illuminate\\Container\\BoundMethod::Illuminate\\Container\\{closure}()
#29 C:\\Users\\HP\\OneDrive\\Desktop\\Semester5Kay\\booking-service\\vendor\\illuminate\\container\\BoundMethod.php(93): Illuminate\\Container\\Util::unwrapIfClosure(Object(Closure))
#30 C:\\Users\\HP\\OneDrive\\Desktop\\Semester5Kay\\booking-service\\vendor\\illuminate\\container\\BoundMethod.php(35): Illuminate\\Container\\BoundMethod::callBoundMethod(Object(Laravel\\Lumen\\Application), Array, Object(Closure))
#31 C:\\Users\\HP\\OneDrive\\Desktop\\Semester5Kay\\booking-service\\vendor\\illuminate\\container\\Container.php(662): Illuminate\\Container\\BoundMethod::call(Object(Laravel\\Lumen\\Application), Array, Array, NULL)
#32 C:\\Users\\HP\\OneDrive\\Desktop\\Semester5Kay\\booking-service\\vendor\\laravel\\lumen-framework\\src\\Concerns\\RoutesRequests.php(391): Illuminate\\Container\\Container->call(Array, Array)
#33 C:\\Users\\HP\\OneDrive\\Desktop\\Semester5Kay\\booking-service\\vendor\\laravel\\lumen-framework\\src\\Concerns\\RoutesRequests.php(356): Laravel\\Lumen\\Application->callControllerCallable(Array, Array)
#34 C:\\Users\\HP\\OneDrive\\Desktop\\Semester5Kay\\booking-service\\vendor\\laravel\\lumen-framework\\src\\Concerns\\RoutesRequests.php(331): Laravel\\Lumen\\Application->callLumenController(Object(App\\Http\\Controllers\\BookingController), 'store', Array)
#35 C:\\Users\\HP\\OneDrive\\Desktop\\Semester5Kay\\booking-service\\vendor\\laravel\\lumen-framework\\src\\Concerns\\RoutesRequests.php(284): Laravel\\Lumen\\Application->callControllerAction(Array)
#36 C:\\Users\\HP\\OneDrive\\Desktop\\Semester5Kay\\booking-service\\vendor\\laravel\\lumen-framework\\src\\Concerns\\RoutesRequests.php(269): Laravel\\Lumen\\Application->callActionOnArrayBasedRoute(Array)
#37 C:\\Users\\HP\\OneDrive\\Desktop\\Semester5Kay\\booking-service\\vendor\\laravel\\lumen-framework\\src\\Concerns\\RoutesRequests.php(171): Laravel\\Lumen\\Application->handleFoundRoute(Array)
#38 C:\\Users\\HP\\OneDrive\\Desktop\\Semester5Kay\\booking-service\\vendor\\laravel\\lumen-framework\\src\\Routing\\Pipeline.php(48): Laravel\\Lumen\\Application->Laravel\\Lumen\\Concerns\\{closure}(Object(Laravel\\Lumen\\Http\\Request))
#39 C:\\Users\\HP\\OneDrive\\Desktop\\Semester5Kay\\booking-service\\bootstrap\\app.php(39): Laravel\\Lumen\\Routing\\Pipeline->Laravel\\Lumen\\Routing\\{closure}(Object(Laravel\\Lumen\\Http\\Request))
#40 C:\\Users\\HP\\OneDrive\\Desktop\\Semester5Kay\\booking-service\\vendor\\illuminate\\pipeline\\Pipeline.php(165): {closure}(Object(Laravel\\Lumen\\Http\\Request), Object(Closure))
#41 C:\\Users\\HP\\OneDrive\\Desktop\\Semester5Kay\\booking-service\\vendor\\laravel\\lumen-framework\\src\\Routing\\Pipeline.php(30): Illuminate\\Pipeline\\Pipeline->Illuminate\\Pipeline\\{closure}(Object(Laravel\\Lumen\\Http\\Request))
#42 C:\\Users\\HP\\OneDrive\\Desktop\\Semester5Kay\\booking-service\\vendor\\illuminate\\pipeline\\Pipeline.php(119): Laravel\\Lumen\\Routing\\Pipeline->Laravel\\Lumen\\Routing\\{closure}(Object(Laravel\\Lumen\\Http\\Request))
#43 C:\\Users\\HP\\OneDrive\\Desktop\\Semester5Kay\\booking-service\\vendor\\laravel\\lumen-framework\\src\\Concerns\\RoutesRequests.php(428): Illuminate\\Pipeline\\Pipeline->then(Object(Closure))
#44 C:\\Users\\HP\\OneDrive\\Desktop\\Semester5Kay\\booking-service\\vendor\\laravel\\lumen-framework\\src\\Concerns\\RoutesRequests.php(167): Laravel\\Lumen\\Application->sendThroughPipeline(Array, Object(Closure))
#45 C:\\Users\\HP\\OneDrive\\Desktop\\Semester5Kay\\booking-service\\vendor\\laravel\\lumen-framework\\src\\Concerns\\RoutesRequests.php(112): Laravel\\Lumen\\Application->dispatch(NULL)
#46 C:\\Users\\HP\\OneDrive\\Desktop\\Semester5Kay\\booking-service\\public\\index.php(28): Laravel\\Lumen\\Application->run()
#47 {main}
"} 
[2025-06-11 00:38:57] local.ERROR: SQLSTATE[08006] [7] could not translate host name "db" to address: Unknown host (Connection: pgsql, SQL: select * from "bookings") {"exception":"[object] (Illuminate\\Database\\QueryException(code: 7): SQLSTATE[08006] [7] could not translate host name \"db\" to address: Unknown host (Connection: pgsql, SQL: select * from \"bookings\") at C:\\Users\\HP\\OneDrive\\Desktop\\Semester5Kay\\booking-service\\vendor\\illuminate\\database\\Connection.php:829)
[stacktrace]
#0 C:\\Users\\HP\\OneDrive\\Desktop\\Semester5Kay\\booking-service\\vendor\\illuminate\\database\\Connection.php(983): Illuminate\\Database\\Connection->runQueryCallback('select * from \"...', Array, Object(Closure))
#1 C:\\Users\\HP\\OneDrive\\Desktop\\Semester5Kay\\booking-service\\vendor\\illuminate\\database\\Connection.php(962): Illuminate\\Database\\Connection->tryAgainIfCausedByLostConnection(Object(Illuminate\\Database\\QueryException), 'select * from \"...', Array, Object(Closure))
#2 C:\\Users\\HP\\OneDrive\\Desktop\\Semester5Kay\\booking-service\\vendor\\illuminate\\database\\Connection.php(785): Illuminate\\Database\\Connection->handleQueryException(Object(Illuminate\\Database\\QueryException), 'select * from \"...', Array, Object(Closure))
#3 C:\\Users\\HP\\OneDrive\\Desktop\\Semester5Kay\\booking-service\\vendor\\illuminate\\database\\Connection.php(414): Illuminate\\Database\\Connection->run('select * from \"...', Array, Object(Closure))
#4 C:\\Users\\HP\\OneDrive\\Desktop\\Semester5Kay\\booking-service\\vendor\\illuminate\\database\\Query\\Builder.php(2913): Illuminate\\Database\\Connection->select('select * from \"...', Array, true)
#5 C:\\Users\\HP\\OneDrive\\Desktop\\Semester5Kay\\booking-service\\vendor\\illuminate\\database\\Query\\Builder.php(2902): Illuminate\\Database\\Query\\Builder->runSelect()
#6 C:\\Users\\HP\\OneDrive\\Desktop\\Semester5Kay\\booking-service\\vendor\\illuminate\\database\\Query\\Builder.php(3456): Illuminate\\Database\\Query\\Builder->Illuminate\\Database\\Query\\{closure}()
#7 C:\\Users\\HP\\OneDrive\\Desktop\\Semester5Kay\\booking-service\\vendor\\illuminate\\database\\Query\\Builder.php(2901): Illuminate\\Database\\Query\\Builder->onceWithColumns(Array, Object(Closure))
#8 C:\\Users\\HP\\OneDrive\\Desktop\\Semester5Kay\\booking-service\\vendor\\illuminate\\database\\Eloquent\\Builder.php(739): Illuminate\\Database\\Query\\Builder->get(Array)
#9 C:\\Users\\HP\\OneDrive\\Desktop\\Semester5Kay\\booking-service\\vendor\\illuminate\\database\\Eloquent\\Builder.php(723): Illuminate\\Database\\Eloquent\\Builder->getModels(Array)
#10 C:\\Users\\HP\\OneDrive\\Desktop\\Semester5Kay\\booking-service\\app\\Http\\Controllers\\BookingController.php(14): Illuminate\\Database\\Eloquent\\Builder->get()
#11 C:\\Users\\HP\\OneDrive\\Desktop\\Semester5Kay\\booking-service\\vendor\\illuminate\\container\\BoundMethod.php(36): App\\Http\\Controllers\\BookingController->index()
#12 C:\\Users\\HP\\OneDrive\\Desktop\\Semester5Kay\\booking-service\\vendor\\illuminate\\container\\Util.php(41): Illuminate\\Container\\BoundMethod::Illuminate\\Container\\{closure}()
#13 C:\\Users\\HP\\OneDrive\\Desktop\\Semester5Kay\\booking-service\\vendor\\illuminate\\container\\BoundMethod.php(93): Illuminate\\Container\\Util::unwrapIfClosure(Object(Closure))
#14 C:\\Users\\HP\\OneDrive\\Desktop\\Semester5Kay\\booking-service\\vendor\\illuminate\\container\\BoundMethod.php(35): Illuminate\\Container\\BoundMethod::callBoundMethod(Object(Laravel\\Lumen\\Application), Array, Object(Closure))
#15 C:\\Users\\HP\\OneDrive\\Desktop\\Semester5Kay\\booking-service\\vendor\\illuminate\\container\\Container.php(662): Illuminate\\Container\\BoundMethod::call(Object(Laravel\\Lumen\\Application), Array, Array, NULL)
#16 C:\\Users\\HP\\OneDrive\\Desktop\\Semester5Kay\\booking-service\\vendor\\laravel\\lumen-framework\\src\\Concerns\\RoutesRequests.php(391): Illuminate\\Container\\Container->call(Array, Array)
#17 C:\\Users\\HP\\OneDrive\\Desktop\\Semester5Kay\\booking-service\\vendor\\laravel\\lumen-framework\\src\\Concerns\\RoutesRequests.php(356): Laravel\\Lumen\\Application->callControllerCallable(Array, Array)
#18 C:\\Users\\HP\\OneDrive\\Desktop\\Semester5Kay\\booking-service\\vendor\\laravel\\lumen-framework\\src\\Concerns\\RoutesRequests.php(331): Laravel\\Lumen\\Application->callLumenController(Object(App\\Http\\Controllers\\BookingController), 'index', Array)
#19 C:\\Users\\HP\\OneDrive\\Desktop\\Semester5Kay\\booking-service\\vendor\\laravel\\lumen-framework\\src\\Concerns\\RoutesRequests.php(284): Laravel\\Lumen\\Application->callControllerAction(Array)
#20 C:\\Users\\HP\\OneDrive\\Desktop\\Semester5Kay\\booking-service\\vendor\\laravel\\lumen-framework\\src\\Concerns\\RoutesRequests.php(269): Laravel\\Lumen\\Application->callActionOnArrayBasedRoute(Array)
#21 C:\\Users\\HP\\OneDrive\\Desktop\\Semester5Kay\\booking-service\\vendor\\laravel\\lumen-framework\\src\\Concerns\\RoutesRequests.php(171): Laravel\\Lumen\\Application->handleFoundRoute(Array)
#22 C:\\Users\\HP\\OneDrive\\Desktop\\Semester5Kay\\booking-service\\vendor\\laravel\\lumen-framework\\src\\Routing\\Pipeline.php(48): Laravel\\Lumen\\Application->Laravel\\Lumen\\Concerns\\{closure}(Object(Laravel\\Lumen\\Http\\Request))
#23 C:\\Users\\HP\\OneDrive\\Desktop\\Semester5Kay\\booking-service\\bootstrap\\app.php(39): Laravel\\Lumen\\Routing\\Pipeline->Laravel\\Lumen\\Routing\\{closure}(Object(Laravel\\Lumen\\Http\\Request))
#24 C:\\Users\\HP\\OneDrive\\Desktop\\Semester5Kay\\booking-service\\vendor\\illuminate\\pipeline\\Pipeline.php(165): {closure}(Object(Laravel\\Lumen\\Http\\Request), Object(Closure))
#25 C:\\Users\\HP\\OneDrive\\Desktop\\Semester5Kay\\booking-service\\vendor\\laravel\\lumen-framework\\src\\Routing\\Pipeline.php(30): Illuminate\\Pipeline\\Pipeline->Illuminate\\Pipeline\\{closure}(Object(Laravel\\Lumen\\Http\\Request))
#26 C:\\Users\\HP\\OneDrive\\Desktop\\Semester5Kay\\booking-service\\vendor\\illuminate\\pipeline\\Pipeline.php(119): Laravel\\Lumen\\Routing\\Pipeline->Laravel\\Lumen\\Routing\\{closure}(Object(Laravel\\Lumen\\Http\\Request))
#27 C:\\Users\\HP\\OneDrive\\Desktop\\Semester5Kay\\booking-service\\vendor\\laravel\\lumen-framework\\src\\Concerns\\RoutesRequests.php(428): Illuminate\\Pipeline\\Pipeline->then(Object(Closure))
#28 C:\\Users\\HP\\OneDrive\\Desktop\\Semester5Kay\\booking-service\\vendor\\laravel\\lumen-framework\\src\\Concerns\\RoutesRequests.php(167): Laravel\\Lumen\\Application->sendThroughPipeline(Array, Object(Closure))
#29 C:\\Users\\HP\\OneDrive\\Desktop\\Semester5Kay\\booking-service\\vendor\\laravel\\lumen-framework\\src\\Concerns\\RoutesRequests.php(112): Laravel\\Lumen\\Application->dispatch(NULL)
#30 C:\\Users\\HP\\OneDrive\\Desktop\\Semester5Kay\\booking-service\\public\\index.php(28): Laravel\\Lumen\\Application->run()
#31 {main}

[previous exception] [object] (PDOException(code: 7): SQLSTATE[08006] [7] could not translate host name \"db\" to address: Unknown host at C:\\Users\\HP\\OneDrive\\Desktop\\Semester5Kay\\booking-service\\vendor\\illuminate\\database\\Connectors\\Connector.php:65)
[stacktrace]
#0 C:\\Users\\HP\\OneDrive\\Desktop\\Semester5Kay\\booking-service\\vendor\\illuminate\\database\\Connectors\\Connector.php(65): PDO->__construct('pgsql:host=db;d...', 'hotel_user', Object(SensitiveParameterValue), Array)
#1 C:\\Users\\HP\\OneDrive\\Desktop\\Semester5Kay\\booking-service\\vendor\\illuminate\\database\\Connectors\\Connector.php(83): Illuminate\\Database\\Connectors\\Connector->createPdoConnection('pgsql:host=db;d...', 'hotel_user', 'secret', Array)
#2 C:\\Users\\HP\\OneDrive\\Desktop\\Semester5Kay\\booking-service\\vendor\\illuminate\\database\\Connectors\\Connector.php(48): Illuminate\\Database\\Connectors\\Connector->tryAgainIfCausedByLostConnection(Object(PDOException), 'pgsql:host=db;d...', 'hotel_user', 'secret', Array)
#3 C:\\Users\\HP\\OneDrive\\Desktop\\Semester5Kay\\booking-service\\vendor\\illuminate\\database\\Connectors\\PostgresConnector.php(35): Illuminate\\Database\\Connectors\\Connector->createConnection('pgsql:host=db;d...', Array, Array)
#4 C:\\Users\\HP\\OneDrive\\Desktop\\Semester5Kay\\booking-service\\vendor\\illuminate\\database\\Connectors\\ConnectionFactory.php(184): Illuminate\\Database\\Connectors\\PostgresConnector->connect(Array)
#5 [internal function]: Illuminate\\Database\\Connectors\\ConnectionFactory->Illuminate\\Database\\Connectors\\{closure}()
#6 C:\\Users\\HP\\OneDrive\\Desktop\\Semester5Kay\\booking-service\\vendor\\illuminate\\database\\Connection.php(1339): call_user_func(Object(Closure))
#7 C:\\Users\\HP\\OneDrive\\Desktop\\Semester5Kay\\booking-service\\vendor\\illuminate\\database\\Connection.php(1375): Illuminate\\Database\\Connection->getPdo()
#8 C:\\Users\\HP\\OneDrive\\Desktop\\Semester5Kay\\booking-service\\vendor\\illuminate\\database\\Connection.php(528): Illuminate\\Database\\Connection->getReadPdo()
#9 C:\\Users\\HP\\OneDrive\\Desktop\\Semester5Kay\\booking-service\\vendor\\illuminate\\database\\Connection.php(423): Illuminate\\Database\\Connection->getPdoForSelect(true)
#10 C:\\Users\\HP\\OneDrive\\Desktop\\Semester5Kay\\booking-service\\vendor\\illuminate\\database\\Connection.php(816): Illuminate\\Database\\Connection->Illuminate\\Database\\{closure}('select * from \"...', Array)
#11 C:\\Users\\HP\\OneDrive\\Desktop\\Semester5Kay\\booking-service\\vendor\\illuminate\\database\\Connection.php(983): Illuminate\\Database\\Connection->runQueryCallback('select * from \"...', Array, Object(Closure))
#12 C:\\Users\\HP\\OneDrive\\Desktop\\Semester5Kay\\booking-service\\vendor\\illuminate\\database\\Connection.php(962): Illuminate\\Database\\Connection->tryAgainIfCausedByLostConnection(Object(Illuminate\\Database\\QueryException), 'select * from \"...', Array, Object(Closure))
#13 C:\\Users\\HP\\OneDrive\\Desktop\\Semester5Kay\\booking-service\\vendor\\illuminate\\database\\Connection.php(785): Illuminate\\Database\\Connection->handleQueryException(Object(Illuminate\\Database\\QueryException), 'select * from \"...', Array, Object(Closure))
#14 C:\\Users\\HP\\OneDrive\\Desktop\\Semester5Kay\\booking-service\\vendor\\illuminate\\database\\Connection.php(414): Illuminate\\Database\\Connection->run('select * from \"...', Array, Object(Closure))
#15 C:\\Users\\HP\\OneDrive\\Desktop\\Semester5Kay\\booking-service\\vendor\\illuminate\\database\\Query\\Builder.php(2913): Illuminate\\Database\\Connection->select('select * from \"...', Array, true)
#16 C:\\Users\\HP\\OneDrive\\Desktop\\Semester5Kay\\booking-service\\vendor\\illuminate\\database\\Query\\Builder.php(2902): Illuminate\\Database\\Query\\Builder->runSelect()
#17 C:\\Users\\HP\\OneDrive\\Desktop\\Semester5Kay\\booking-service\\vendor\\illuminate\\database\\Query\\Builder.php(3456): Illuminate\\Database\\Query\\Builder->Illuminate\\Database\\Query\\{closure}()
#18 C:\\Users\\HP\\OneDrive\\Desktop\\Semester5Kay\\booking-service\\vendor\\illuminate\\database\\Query\\Builder.php(2901): Illuminate\\Database\\Query\\Builder->onceWithColumns(Array, Object(Closure))
#19 C:\\Users\\HP\\OneDrive\\Desktop\\Semester5Kay\\booking-service\\vendor\\illuminate\\database\\Eloquent\\Builder.php(739): Illuminate\\Database\\Query\\Builder->get(Array)
#20 C:\\Users\\HP\\OneDrive\\Desktop\\Semester5Kay\\booking-service\\vendor\\illuminate\\database\\Eloquent\\Builder.php(723): Illuminate\\Database\\Eloquent\\Builder->getModels(Array)
#21 C:\\Users\\HP\\OneDrive\\Desktop\\Semester5Kay\\booking-service\\app\\Http\\Controllers\\BookingController.php(14): Illuminate\\Database\\Eloquent\\Builder->get()
#22 C:\\Users\\HP\\OneDrive\\Desktop\\Semester5Kay\\booking-service\\vendor\\illuminate\\container\\BoundMethod.php(36): App\\Http\\Controllers\\BookingController->index()
#23 C:\\Users\\HP\\OneDrive\\Desktop\\Semester5Kay\\booking-service\\vendor\\illuminate\\container\\Util.php(41): Illuminate\\Container\\BoundMethod::Illuminate\\Container\\{closure}()
#24 C:\\Users\\HP\\OneDrive\\Desktop\\Semester5Kay\\booking-service\\vendor\\illuminate\\container\\BoundMethod.php(93): Illuminate\\Container\\Util::unwrapIfClosure(Object(Closure))
#25 C:\\Users\\HP\\OneDrive\\Desktop\\Semester5Kay\\booking-service\\vendor\\illuminate\\container\\BoundMethod.php(35): Illuminate\\Container\\BoundMethod::callBoundMethod(Object(Laravel\\Lumen\\Application), Array, Object(Closure))
#26 C:\\Users\\HP\\OneDrive\\Desktop\\Semester5Kay\\booking-service\\vendor\\illuminate\\container\\Container.php(662): Illuminate\\Container\\BoundMethod::call(Object(Laravel\\Lumen\\Application), Array, Array, NULL)
#27 C:\\Users\\HP\\OneDrive\\Desktop\\Semester5Kay\\booking-service\\vendor\\laravel\\lumen-framework\\src\\Concerns\\RoutesRequests.php(391): Illuminate\\Container\\Container->call(Array, Array)
#28 C:\\Users\\HP\\OneDrive\\Desktop\\Semester5Kay\\booking-service\\vendor\\laravel\\lumen-framework\\src\\Concerns\\RoutesRequests.php(356): Laravel\\Lumen\\Application->callControllerCallable(Array, Array)
#29 C:\\Users\\HP\\OneDrive\\Desktop\\Semester5Kay\\booking-service\\vendor\\laravel\\lumen-framework\\src\\Concerns\\RoutesRequests.php(331): Laravel\\Lumen\\Application->callLumenController(Object(App\\Http\\Controllers\\BookingController), 'index', Array)
#30 C:\\Users\\HP\\OneDrive\\Desktop\\Semester5Kay\\booking-service\\vendor\\laravel\\lumen-framework\\src\\Concerns\\RoutesRequests.php(284): Laravel\\Lumen\\Application->callControllerAction(Array)
#31 C:\\Users\\HP\\OneDrive\\Desktop\\Semester5Kay\\booking-service\\vendor\\laravel\\lumen-framework\\src\\Concerns\\RoutesRequests.php(269): Laravel\\Lumen\\Application->callActionOnArrayBasedRoute(Array)
#32 C:\\Users\\HP\\OneDrive\\Desktop\\Semester5Kay\\booking-service\\vendor\\laravel\\lumen-framework\\src\\Concerns\\RoutesRequests.php(171): Laravel\\Lumen\\Application->handleFoundRoute(Array)
#33 C:\\Users\\HP\\OneDrive\\Desktop\\Semester5Kay\\booking-service\\vendor\\laravel\\lumen-framework\\src\\Routing\\Pipeline.php(48): Laravel\\Lumen\\Application->Laravel\\Lumen\\Concerns\\{closure}(Object(Laravel\\Lumen\\Http\\Request))
#34 C:\\Users\\HP\\OneDrive\\Desktop\\Semester5Kay\\booking-service\\bootstrap\\app.php(39): Laravel\\Lumen\\Routing\\Pipeline->Laravel\\Lumen\\Routing\\{closure}(Object(Laravel\\Lumen\\Http\\Request))
#35 C:\\Users\\HP\\OneDrive\\Desktop\\Semester5Kay\\booking-service\\vendor\\illuminate\\pipeline\\Pipeline.php(165): {closure}(Object(Laravel\\Lumen\\Http\\Request), Object(Closure))
#36 C:\\Users\\HP\\OneDrive\\Desktop\\Semester5Kay\\booking-service\\vendor\\laravel\\lumen-framework\\src\\Routing\\Pipeline.php(30): Illuminate\\Pipeline\\Pipeline->Illuminate\\Pipeline\\{closure}(Object(Laravel\\Lumen\\Http\\Request))
#37 C:\\Users\\HP\\OneDrive\\Desktop\\Semester5Kay\\booking-service\\vendor\\illuminate\\pipeline\\Pipeline.php(119): Laravel\\Lumen\\Routing\\Pipeline->Laravel\\Lumen\\Routing\\{closure}(Object(Laravel\\Lumen\\Http\\Request))
#38 C:\\Users\\HP\\OneDrive\\Desktop\\Semester5Kay\\booking-service\\vendor\\laravel\\lumen-framework\\src\\Concerns\\RoutesRequests.php(428): Illuminate\\Pipeline\\Pipeline->then(Object(Closure))
#39 C:\\Users\\HP\\OneDrive\\Desktop\\Semester5Kay\\booking-service\\vendor\\laravel\\lumen-framework\\src\\Concerns\\RoutesRequests.php(167): Laravel\\Lumen\\Application->sendThroughPipeline(Array, Object(Closure))
#40 C:\\Users\\HP\\OneDrive\\Desktop\\Semester5Kay\\booking-service\\vendor\\laravel\\lumen-framework\\src\\Concerns\\RoutesRequests.php(112): Laravel\\Lumen\\Application->dispatch(NULL)
#41 C:\\Users\\HP\\OneDrive\\Desktop\\Semester5Kay\\booking-service\\public\\index.php(28): Laravel\\Lumen\\Application->run()
#42 {main}
"} 
[2025-06-11 00:45:25] local.ERROR: SQLSTATE[08006] [7] could not translate host name "db" to address: Unknown host (Connection: pgsql, SQL: select * from "customers" order by "id" asc) {"exception":"[object] (Illuminate\\Database\\QueryException(code: 7): SQLSTATE[08006] [7] could not translate host name \"db\" to address: Unknown host (Connection: pgsql, SQL: select * from \"customers\" order by \"id\" asc) at C:\\Users\\HP\\OneDrive\\Desktop\\Semester5Kay\\booking-service\\vendor\\illuminate\\database\\Connection.php:829)
[stacktrace]
#0 C:\\Users\\HP\\OneDrive\\Desktop\\Semester5Kay\\booking-service\\vendor\\illuminate\\database\\Connection.php(983): Illuminate\\Database\\Connection->runQueryCallback('select * from \"...', Array, Object(Closure))
#1 C:\\Users\\HP\\OneDrive\\Desktop\\Semester5Kay\\booking-service\\vendor\\illuminate\\database\\Connection.php(962): Illuminate\\Database\\Connection->tryAgainIfCausedByLostConnection(Object(Illuminate\\Database\\QueryException), 'select * from \"...', Array, Object(Closure))
#2 C:\\Users\\HP\\OneDrive\\Desktop\\Semester5Kay\\booking-service\\vendor\\illuminate\\database\\Connection.php(785): Illuminate\\Database\\Connection->handleQueryException(Object(Illuminate\\Database\\QueryException), 'select * from \"...', Array, Object(Closure))
#3 C:\\Users\\HP\\OneDrive\\Desktop\\Semester5Kay\\booking-service\\vendor\\illuminate\\database\\Connection.php(414): Illuminate\\Database\\Connection->run('select * from \"...', Array, Object(Closure))
#4 C:\\Users\\HP\\OneDrive\\Desktop\\Semester5Kay\\booking-service\\vendor\\illuminate\\database\\Query\\Builder.php(2913): Illuminate\\Database\\Connection->select('select * from \"...', Array, true)
#5 C:\\Users\\HP\\OneDrive\\Desktop\\Semester5Kay\\booking-service\\vendor\\illuminate\\database\\Query\\Builder.php(2902): Illuminate\\Database\\Query\\Builder->runSelect()
#6 C:\\Users\\HP\\OneDrive\\Desktop\\Semester5Kay\\booking-service\\vendor\\illuminate\\database\\Query\\Builder.php(3456): Illuminate\\Database\\Query\\Builder->Illuminate\\Database\\Query\\{closure}()
#7 C:\\Users\\HP\\OneDrive\\Desktop\\Semester5Kay\\booking-service\\vendor\\illuminate\\database\\Query\\Builder.php(2901): Illuminate\\Database\\Query\\Builder->onceWithColumns(Array, Object(Closure))
#8 C:\\Users\\HP\\OneDrive\\Desktop\\Semester5Kay\\booking-service\\vendor\\illuminate\\database\\Eloquent\\Builder.php(739): Illuminate\\Database\\Query\\Builder->get(Array)
#9 C:\\Users\\HP\\OneDrive\\Desktop\\Semester5Kay\\booking-service\\vendor\\illuminate\\database\\Eloquent\\Builder.php(723): Illuminate\\Database\\Eloquent\\Builder->getModels(Array)
#10 C:\\Users\\HP\\OneDrive\\Desktop\\Semester5Kay\\booking-service\\app\\Http\\Controllers\\CustomerController.php(15): Illuminate\\Database\\Eloquent\\Builder->get()
#11 C:\\Users\\HP\\OneDrive\\Desktop\\Semester5Kay\\booking-service\\vendor\\illuminate\\container\\BoundMethod.php(36): App\\Http\\Controllers\\CustomerController->index()
#12 C:\\Users\\HP\\OneDrive\\Desktop\\Semester5Kay\\booking-service\\vendor\\illuminate\\container\\Util.php(41): Illuminate\\Container\\BoundMethod::Illuminate\\Container\\{closure}()
#13 C:\\Users\\HP\\OneDrive\\Desktop\\Semester5Kay\\booking-service\\vendor\\illuminate\\container\\BoundMethod.php(93): Illuminate\\Container\\Util::unwrapIfClosure(Object(Closure))
#14 C:\\Users\\HP\\OneDrive\\Desktop\\Semester5Kay\\booking-service\\vendor\\illuminate\\container\\BoundMethod.php(35): Illuminate\\Container\\BoundMethod::callBoundMethod(Object(Laravel\\Lumen\\Application), Array, Object(Closure))
#15 C:\\Users\\HP\\OneDrive\\Desktop\\Semester5Kay\\booking-service\\vendor\\illuminate\\container\\Container.php(662): Illuminate\\Container\\BoundMethod::call(Object(Laravel\\Lumen\\Application), Array, Array, NULL)
#16 C:\\Users\\HP\\OneDrive\\Desktop\\Semester5Kay\\booking-service\\vendor\\laravel\\lumen-framework\\src\\Concerns\\RoutesRequests.php(391): Illuminate\\Container\\Container->call(Array, Array)
#17 C:\\Users\\HP\\OneDrive\\Desktop\\Semester5Kay\\booking-service\\vendor\\laravel\\lumen-framework\\src\\Concerns\\RoutesRequests.php(356): Laravel\\Lumen\\Application->callControllerCallable(Array, Array)
#18 C:\\Users\\HP\\OneDrive\\Desktop\\Semester5Kay\\booking-service\\vendor\\laravel\\lumen-framework\\src\\Concerns\\RoutesRequests.php(331): Laravel\\Lumen\\Application->callLumenController(Object(App\\Http\\Controllers\\CustomerController), 'index', Array)
#19 C:\\Users\\HP\\OneDrive\\Desktop\\Semester5Kay\\booking-service\\vendor\\laravel\\lumen-framework\\src\\Concerns\\RoutesRequests.php(284): Laravel\\Lumen\\Application->callControllerAction(Array)
#20 C:\\Users\\HP\\OneDrive\\Desktop\\Semester5Kay\\booking-service\\vendor\\laravel\\lumen-framework\\src\\Concerns\\RoutesRequests.php(269): Laravel\\Lumen\\Application->callActionOnArrayBasedRoute(Array)
#21 C:\\Users\\HP\\OneDrive\\Desktop\\Semester5Kay\\booking-service\\vendor\\laravel\\lumen-framework\\src\\Concerns\\RoutesRequests.php(171): Laravel\\Lumen\\Application->handleFoundRoute(Array)
#22 C:\\Users\\HP\\OneDrive\\Desktop\\Semester5Kay\\booking-service\\vendor\\laravel\\lumen-framework\\src\\Routing\\Pipeline.php(48): Laravel\\Lumen\\Application->Laravel\\Lumen\\Concerns\\{closure}(Object(Laravel\\Lumen\\Http\\Request))
#23 C:\\Users\\HP\\OneDrive\\Desktop\\Semester5Kay\\booking-service\\bootstrap\\app.php(39): Laravel\\Lumen\\Routing\\Pipeline->Laravel\\Lumen\\Routing\\{closure}(Object(Laravel\\Lumen\\Http\\Request))
#24 C:\\Users\\HP\\OneDrive\\Desktop\\Semester5Kay\\booking-service\\vendor\\illuminate\\pipeline\\Pipeline.php(165): {closure}(Object(Laravel\\Lumen\\Http\\Request), Object(Closure))
#25 C:\\Users\\HP\\OneDrive\\Desktop\\Semester5Kay\\booking-service\\vendor\\laravel\\lumen-framework\\src\\Routing\\Pipeline.php(30): Illuminate\\Pipeline\\Pipeline->Illuminate\\Pipeline\\{closure}(Object(Laravel\\Lumen\\Http\\Request))
#26 C:\\Users\\HP\\OneDrive\\Desktop\\Semester5Kay\\booking-service\\vendor\\illuminate\\pipeline\\Pipeline.php(119): Laravel\\Lumen\\Routing\\Pipeline->Laravel\\Lumen\\Routing\\{closure}(Object(Laravel\\Lumen\\Http\\Request))
#27 C:\\Users\\HP\\OneDrive\\Desktop\\Semester5Kay\\booking-service\\vendor\\laravel\\lumen-framework\\src\\Concerns\\RoutesRequests.php(428): Illuminate\\Pipeline\\Pipeline->then(Object(Closure))
#28 C:\\Users\\HP\\OneDrive\\Desktop\\Semester5Kay\\booking-service\\vendor\\laravel\\lumen-framework\\src\\Concerns\\RoutesRequests.php(167): Laravel\\Lumen\\Application->sendThroughPipeline(Array, Object(Closure))
#29 C:\\Users\\HP\\OneDrive\\Desktop\\Semester5Kay\\booking-service\\vendor\\laravel\\lumen-framework\\src\\Concerns\\RoutesRequests.php(112): Laravel\\Lumen\\Application->dispatch(NULL)
#30 C:\\Users\\HP\\OneDrive\\Desktop\\Semester5Kay\\booking-service\\public\\index.php(28): Laravel\\Lumen\\Application->run()
#31 {main}

[previous exception] [object] (PDOException(code: 7): SQLSTATE[08006] [7] could not translate host name \"db\" to address: Unknown host at C:\\Users\\HP\\OneDrive\\Desktop\\Semester5Kay\\booking-service\\vendor\\illuminate\\database\\Connectors\\Connector.php:65)
[stacktrace]
#0 C:\\Users\\HP\\OneDrive\\Desktop\\Semester5Kay\\booking-service\\vendor\\illuminate\\database\\Connectors\\Connector.php(65): PDO->__construct('pgsql:host=db;d...', 'hotel_user', Object(SensitiveParameterValue), Array)
#1 C:\\Users\\HP\\OneDrive\\Desktop\\Semester5Kay\\booking-service\\vendor\\illuminate\\database\\Connectors\\Connector.php(83): Illuminate\\Database\\Connectors\\Connector->createPdoConnection('pgsql:host=db;d...', 'hotel_user', 'secret', Array)
#2 C:\\Users\\HP\\OneDrive\\Desktop\\Semester5Kay\\booking-service\\vendor\\illuminate\\database\\Connectors\\Connector.php(48): Illuminate\\Database\\Connectors\\Connector->tryAgainIfCausedByLostConnection(Object(PDOException), 'pgsql:host=db;d...', 'hotel_user', 'secret', Array)
#3 C:\\Users\\HP\\OneDrive\\Desktop\\Semester5Kay\\booking-service\\vendor\\illuminate\\database\\Connectors\\PostgresConnector.php(35): Illuminate\\Database\\Connectors\\Connector->createConnection('pgsql:host=db;d...', Array, Array)
#4 C:\\Users\\HP\\OneDrive\\Desktop\\Semester5Kay\\booking-service\\vendor\\illuminate\\database\\Connectors\\ConnectionFactory.php(184): Illuminate\\Database\\Connectors\\PostgresConnector->connect(Array)
#5 [internal function]: Illuminate\\Database\\Connectors\\ConnectionFactory->Illuminate\\Database\\Connectors\\{closure}()
#6 C:\\Users\\HP\\OneDrive\\Desktop\\Semester5Kay\\booking-service\\vendor\\illuminate\\database\\Connection.php(1339): call_user_func(Object(Closure))
#7 C:\\Users\\HP\\OneDrive\\Desktop\\Semester5Kay\\booking-service\\vendor\\illuminate\\database\\Connection.php(1375): Illuminate\\Database\\Connection->getPdo()
#8 C:\\Users\\HP\\OneDrive\\Desktop\\Semester5Kay\\booking-service\\vendor\\illuminate\\database\\Connection.php(528): Illuminate\\Database\\Connection->getReadPdo()
#9 C:\\Users\\HP\\OneDrive\\Desktop\\Semester5Kay\\booking-service\\vendor\\illuminate\\database\\Connection.php(423): Illuminate\\Database\\Connection->getPdoForSelect(true)
#10 C:\\Users\\HP\\OneDrive\\Desktop\\Semester5Kay\\booking-service\\vendor\\illuminate\\database\\Connection.php(816): Illuminate\\Database\\Connection->Illuminate\\Database\\{closure}('select * from \"...', Array)
#11 C:\\Users\\HP\\OneDrive\\Desktop\\Semester5Kay\\booking-service\\vendor\\illuminate\\database\\Connection.php(983): Illuminate\\Database\\Connection->runQueryCallback('select * from \"...', Array, Object(Closure))
#12 C:\\Users\\HP\\OneDrive\\Desktop\\Semester5Kay\\booking-service\\vendor\\illuminate\\database\\Connection.php(962): Illuminate\\Database\\Connection->tryAgainIfCausedByLostConnection(Object(Illuminate\\Database\\QueryException), 'select * from \"...', Array, Object(Closure))
#13 C:\\Users\\HP\\OneDrive\\Desktop\\Semester5Kay\\booking-service\\vendor\\illuminate\\database\\Connection.php(785): Illuminate\\Database\\Connection->handleQueryException(Object(Illuminate\\Database\\QueryException), 'select * from \"...', Array, Object(Closure))
#14 C:\\Users\\HP\\OneDrive\\Desktop\\Semester5Kay\\booking-service\\vendor\\illuminate\\database\\Connection.php(414): Illuminate\\Database\\Connection->run('select * from \"...', Array, Object(Closure))
#15 C:\\Users\\HP\\OneDrive\\Desktop\\Semester5Kay\\booking-service\\vendor\\illuminate\\database\\Query\\Builder.php(2913): Illuminate\\Database\\Connection->select('select * from \"...', Array, true)
#16 C:\\Users\\HP\\OneDrive\\Desktop\\Semester5Kay\\booking-service\\vendor\\illuminate\\database\\Query\\Builder.php(2902): Illuminate\\Database\\Query\\Builder->runSelect()
#17 C:\\Users\\HP\\OneDrive\\Desktop\\Semester5Kay\\booking-service\\vendor\\illuminate\\database\\Query\\Builder.php(3456): Illuminate\\Database\\Query\\Builder->Illuminate\\Database\\Query\\{closure}()
#18 C:\\Users\\HP\\OneDrive\\Desktop\\Semester5Kay\\booking-service\\vendor\\illuminate\\database\\Query\\Builder.php(2901): Illuminate\\Database\\Query\\Builder->onceWithColumns(Array, Object(Closure))
#19 C:\\Users\\HP\\OneDrive\\Desktop\\Semester5Kay\\booking-service\\vendor\\illuminate\\database\\Eloquent\\Builder.php(739): Illuminate\\Database\\Query\\Builder->get(Array)
#20 C:\\Users\\HP\\OneDrive\\Desktop\\Semester5Kay\\booking-service\\vendor\\illuminate\\database\\Eloquent\\Builder.php(723): Illuminate\\Database\\Eloquent\\Builder->getModels(Array)
#21 C:\\Users\\HP\\OneDrive\\Desktop\\Semester5Kay\\booking-service\\app\\Http\\Controllers\\CustomerController.php(15): Illuminate\\Database\\Eloquent\\Builder->get()
#22 C:\\Users\\HP\\OneDrive\\Desktop\\Semester5Kay\\booking-service\\vendor\\illuminate\\container\\BoundMethod.php(36): App\\Http\\Controllers\\CustomerController->index()
#23 C:\\Users\\HP\\OneDrive\\Desktop\\Semester5Kay\\booking-service\\vendor\\illuminate\\container\\Util.php(41): Illuminate\\Container\\BoundMethod::Illuminate\\Container\\{closure}()
#24 C:\\Users\\HP\\OneDrive\\Desktop\\Semester5Kay\\booking-service\\vendor\\illuminate\\container\\BoundMethod.php(93): Illuminate\\Container\\Util::unwrapIfClosure(Object(Closure))
#25 C:\\Users\\HP\\OneDrive\\Desktop\\Semester5Kay\\booking-service\\vendor\\illuminate\\container\\BoundMethod.php(35): Illuminate\\Container\\BoundMethod::callBoundMethod(Object(Laravel\\Lumen\\Application), Array, Object(Closure))
#26 C:\\Users\\HP\\OneDrive\\Desktop\\Semester5Kay\\booking-service\\vendor\\illuminate\\container\\Container.php(662): Illuminate\\Container\\BoundMethod::call(Object(Laravel\\Lumen\\Application), Array, Array, NULL)
#27 C:\\Users\\HP\\OneDrive\\Desktop\\Semester5Kay\\booking-service\\vendor\\laravel\\lumen-framework\\src\\Concerns\\RoutesRequests.php(391): Illuminate\\Container\\Container->call(Array, Array)
#28 C:\\Users\\HP\\OneDrive\\Desktop\\Semester5Kay\\booking-service\\vendor\\laravel\\lumen-framework\\src\\Concerns\\RoutesRequests.php(356): Laravel\\Lumen\\Application->callControllerCallable(Array, Array)
#29 C:\\Users\\HP\\OneDrive\\Desktop\\Semester5Kay\\booking-service\\vendor\\laravel\\lumen-framework\\src\\Concerns\\RoutesRequests.php(331): Laravel\\Lumen\\Application->callLumenController(Object(App\\Http\\Controllers\\CustomerController), 'index', Array)
#30 C:\\Users\\HP\\OneDrive\\Desktop\\Semester5Kay\\booking-service\\vendor\\laravel\\lumen-framework\\src\\Concerns\\RoutesRequests.php(284): Laravel\\Lumen\\Application->callControllerAction(Array)
#31 C:\\Users\\HP\\OneDrive\\Desktop\\Semester5Kay\\booking-service\\vendor\\laravel\\lumen-framework\\src\\Concerns\\RoutesRequests.php(269): Laravel\\Lumen\\Application->callActionOnArrayBasedRoute(Array)
#32 C:\\Users\\HP\\OneDrive\\Desktop\\Semester5Kay\\booking-service\\vendor\\laravel\\lumen-framework\\src\\Concerns\\RoutesRequests.php(171): Laravel\\Lumen\\Application->handleFoundRoute(Array)
#33 C:\\Users\\HP\\OneDrive\\Desktop\\Semester5Kay\\booking-service\\vendor\\laravel\\lumen-framework\\src\\Routing\\Pipeline.php(48): Laravel\\Lumen\\Application->Laravel\\Lumen\\Concerns\\{closure}(Object(Laravel\\Lumen\\Http\\Request))
#34 C:\\Users\\HP\\OneDrive\\Desktop\\Semester5Kay\\booking-service\\bootstrap\\app.php(39): Laravel\\Lumen\\Routing\\Pipeline->Laravel\\Lumen\\Routing\\{closure}(Object(Laravel\\Lumen\\Http\\Request))
#35 C:\\Users\\HP\\OneDrive\\Desktop\\Semester5Kay\\booking-service\\vendor\\illuminate\\pipeline\\Pipeline.php(165): {closure}(Object(Laravel\\Lumen\\Http\\Request), Object(Closure))
#36 C:\\Users\\HP\\OneDrive\\Desktop\\Semester5Kay\\booking-service\\vendor\\laravel\\lumen-framework\\src\\Routing\\Pipeline.php(30): Illuminate\\Pipeline\\Pipeline->Illuminate\\Pipeline\\{closure}(Object(Laravel\\Lumen\\Http\\Request))
#37 C:\\Users\\HP\\OneDrive\\Desktop\\Semester5Kay\\booking-service\\vendor\\illuminate\\pipeline\\Pipeline.php(119): Laravel\\Lumen\\Routing\\Pipeline->Laravel\\Lumen\\Routing\\{closure}(Object(Laravel\\Lumen\\Http\\Request))
#38 C:\\Users\\HP\\OneDrive\\Desktop\\Semester5Kay\\booking-service\\vendor\\laravel\\lumen-framework\\src\\Concerns\\RoutesRequests.php(428): Illuminate\\Pipeline\\Pipeline->then(Object(Closure))
#39 C:\\Users\\HP\\OneDrive\\Desktop\\Semester5Kay\\booking-service\\vendor\\laravel\\lumen-framework\\src\\Concerns\\RoutesRequests.php(167): Laravel\\Lumen\\Application->sendThroughPipeline(Array, Object(Closure))
#40 C:\\Users\\HP\\OneDrive\\Desktop\\Semester5Kay\\booking-service\\vendor\\laravel\\lumen-framework\\src\\Concerns\\RoutesRequests.php(112): Laravel\\Lumen\\Application->dispatch(NULL)
#41 C:\\Users\\HP\\OneDrive\\Desktop\\Semester5Kay\\booking-service\\public\\index.php(28): Laravel\\Lumen\\Application->run()
#42 {main}
"} 
[2025-06-11 00:45:41] local.ERROR: SQLSTATE[08006] [7] could not translate host name "db" to address: Unknown host (Connection: pgsql, SQL: select count(*) as aggregate from "customers" where "email" = kayysaniswaa@gmail.com) {"exception":"[object] (Illuminate\\Database\\QueryException(code: 7): SQLSTATE[08006] [7] could not translate host name \"db\" to address: Unknown host (Connection: pgsql, SQL: select count(*) as aggregate from \"customers\" where \"email\" = kayysaniswaa@gmail.com) at C:\\Users\\HP\\OneDrive\\Desktop\\Semester5Kay\\booking-service\\vendor\\illuminate\\database\\Connection.php:829)
[stacktrace]
#0 C:\\Users\\HP\\OneDrive\\Desktop\\Semester5Kay\\booking-service\\vendor\\illuminate\\database\\Connection.php(983): Illuminate\\Database\\Connection->runQueryCallback('select count(*)...', Array, Object(Closure))
#1 C:\\Users\\HP\\OneDrive\\Desktop\\Semester5Kay\\booking-service\\vendor\\illuminate\\database\\Connection.php(962): Illuminate\\Database\\Connection->tryAgainIfCausedByLostConnection(Object(Illuminate\\Database\\QueryException), 'select count(*)...', Array, Object(Closure))
#2 C:\\Users\\HP\\OneDrive\\Desktop\\Semester5Kay\\booking-service\\vendor\\illuminate\\database\\Connection.php(785): Illuminate\\Database\\Connection->handleQueryException(Object(Illuminate\\Database\\QueryException), 'select count(*)...', Array, Object(Closure))
#3 C:\\Users\\HP\\OneDrive\\Desktop\\Semester5Kay\\booking-service\\vendor\\illuminate\\database\\Connection.php(414): Illuminate\\Database\\Connection->run('select count(*)...', Array, Object(Closure))
#4 C:\\Users\\HP\\OneDrive\\Desktop\\Semester5Kay\\booking-service\\vendor\\illuminate\\database\\Query\\Builder.php(2913): Illuminate\\Database\\Connection->select('select count(*)...', Array, false)
#5 C:\\Users\\HP\\OneDrive\\Desktop\\Semester5Kay\\booking-service\\vendor\\illuminate\\database\\Query\\Builder.php(2902): Illuminate\\Database\\Query\\Builder->runSelect()
#6 C:\\Users\\HP\\OneDrive\\Desktop\\Semester5Kay\\booking-service\\vendor\\illuminate\\database\\Query\\Builder.php(3456): Illuminate\\Database\\Query\\Builder->Illuminate\\Database\\Query\\{closure}()
#7 C:\\Users\\HP\\OneDrive\\Desktop\\Semester5Kay\\booking-service\\vendor\\illuminate\\database\\Query\\Builder.php(2901): Illuminate\\Database\\Query\\Builder->onceWithColumns(Array, Object(Closure))
#8 C:\\Users\\HP\\OneDrive\\Desktop\\Semester5Kay\\booking-service\\vendor\\illuminate\\database\\Query\\Builder.php(3383): Illuminate\\Database\\Query\\Builder->get(Array)
#9 C:\\Users\\HP\\OneDrive\\Desktop\\Semester5Kay\\booking-service\\vendor\\illuminate\\database\\Query\\Builder.php(3311): Illuminate\\Database\\Query\\Builder->aggregate('count', Array)
#10 C:\\Users\\HP\\OneDrive\\Desktop\\Semester5Kay\\booking-service\\vendor\\illuminate\\validation\\DatabasePresenceVerifier.php(54): Illuminate\\Database\\Query\\Builder->count()
#11 C:\\Users\\HP\\OneDrive\\Desktop\\Semester5Kay\\booking-service\\vendor\\illuminate\\validation\\Concerns\\ValidatesAttributes.php(948): Illuminate\\Validation\\DatabasePresenceVerifier->getCount('customers', 'email', 'kayysaniswaa@gm...', NULL, NULL, Array)
#12 C:\\Users\\HP\\OneDrive\\Desktop\\Semester5Kay\\booking-service\\vendor\\illuminate\\validation\\Validator.php(658): Illuminate\\Validation\\Validator->validateUnique('email', 'kayysaniswaa@gm...', Array, Object(Illuminate\\Validation\\Validator))
#13 C:\\Users\\HP\\OneDrive\\Desktop\\Semester5Kay\\booking-service\\vendor\\illuminate\\validation\\Validator.php(457): Illuminate\\Validation\\Validator->validateAttribute('email', 'Unique')
#14 C:\\Users\\HP\\OneDrive\\Desktop\\Semester5Kay\\booking-service\\vendor\\illuminate\\validation\\Validator.php(492): Illuminate\\Validation\\Validator->passes()
#15 C:\\Users\\HP\\OneDrive\\Desktop\\Semester5Kay\\booking-service\\app\\Http\\Controllers\\CustomerController.php(27): Illuminate\\Validation\\Validator->fails()
#16 C:\\Users\\HP\\OneDrive\\Desktop\\Semester5Kay\\booking-service\\vendor\\illuminate\\container\\BoundMethod.php(36): App\\Http\\Controllers\\CustomerController->store(Object(Laravel\\Lumen\\Http\\Request))
#17 C:\\Users\\HP\\OneDrive\\Desktop\\Semester5Kay\\booking-service\\vendor\\illuminate\\container\\Util.php(41): Illuminate\\Container\\BoundMethod::Illuminate\\Container\\{closure}()
#18 C:\\Users\\HP\\OneDrive\\Desktop\\Semester5Kay\\booking-service\\vendor\\illuminate\\container\\BoundMethod.php(93): Illuminate\\Container\\Util::unwrapIfClosure(Object(Closure))
#19 C:\\Users\\HP\\OneDrive\\Desktop\\Semester5Kay\\booking-service\\vendor\\illuminate\\container\\BoundMethod.php(35): Illuminate\\Container\\BoundMethod::callBoundMethod(Object(Laravel\\Lumen\\Application), Array, Object(Closure))
#20 C:\\Users\\HP\\OneDrive\\Desktop\\Semester5Kay\\booking-service\\vendor\\illuminate\\container\\Container.php(662): Illuminate\\Container\\BoundMethod::call(Object(Laravel\\Lumen\\Application), Array, Array, NULL)
#21 C:\\Users\\HP\\OneDrive\\Desktop\\Semester5Kay\\booking-service\\vendor\\laravel\\lumen-framework\\src\\Concerns\\RoutesRequests.php(391): Illuminate\\Container\\Container->call(Array, Array)
#22 C:\\Users\\HP\\OneDrive\\Desktop\\Semester5Kay\\booking-service\\vendor\\laravel\\lumen-framework\\src\\Concerns\\RoutesRequests.php(356): Laravel\\Lumen\\Application->callControllerCallable(Array, Array)
#23 C:\\Users\\HP\\OneDrive\\Desktop\\Semester5Kay\\booking-service\\vendor\\laravel\\lumen-framework\\src\\Concerns\\RoutesRequests.php(331): Laravel\\Lumen\\Application->callLumenController(Object(App\\Http\\Controllers\\CustomerController), 'store', Array)
#24 C:\\Users\\HP\\OneDrive\\Desktop\\Semester5Kay\\booking-service\\vendor\\laravel\\lumen-framework\\src\\Concerns\\RoutesRequests.php(284): Laravel\\Lumen\\Application->callControllerAction(Array)
#25 C:\\Users\\HP\\OneDrive\\Desktop\\Semester5Kay\\booking-service\\vendor\\laravel\\lumen-framework\\src\\Concerns\\RoutesRequests.php(269): Laravel\\Lumen\\Application->callActionOnArrayBasedRoute(Array)
#26 C:\\Users\\HP\\OneDrive\\Desktop\\Semester5Kay\\booking-service\\vendor\\laravel\\lumen-framework\\src\\Concerns\\RoutesRequests.php(171): Laravel\\Lumen\\Application->handleFoundRoute(Array)
#27 C:\\Users\\HP\\OneDrive\\Desktop\\Semester5Kay\\booking-service\\vendor\\laravel\\lumen-framework\\src\\Routing\\Pipeline.php(48): Laravel\\Lumen\\Application->Laravel\\Lumen\\Concerns\\{closure}(Object(Laravel\\Lumen\\Http\\Request))
#28 C:\\Users\\HP\\OneDrive\\Desktop\\Semester5Kay\\booking-service\\bootstrap\\app.php(39): Laravel\\Lumen\\Routing\\Pipeline->Laravel\\Lumen\\Routing\\{closure}(Object(Laravel\\Lumen\\Http\\Request))
#29 C:\\Users\\HP\\OneDrive\\Desktop\\Semester5Kay\\booking-service\\vendor\\illuminate\\pipeline\\Pipeline.php(165): {closure}(Object(Laravel\\Lumen\\Http\\Request), Object(Closure))
#30 C:\\Users\\HP\\OneDrive\\Desktop\\Semester5Kay\\booking-service\\vendor\\laravel\\lumen-framework\\src\\Routing\\Pipeline.php(30): Illuminate\\Pipeline\\Pipeline->Illuminate\\Pipeline\\{closure}(Object(Laravel\\Lumen\\Http\\Request))
#31 C:\\Users\\HP\\OneDrive\\Desktop\\Semester5Kay\\booking-service\\vendor\\illuminate\\pipeline\\Pipeline.php(119): Laravel\\Lumen\\Routing\\Pipeline->Laravel\\Lumen\\Routing\\{closure}(Object(Laravel\\Lumen\\Http\\Request))
#32 C:\\Users\\HP\\OneDrive\\Desktop\\Semester5Kay\\booking-service\\vendor\\laravel\\lumen-framework\\src\\Concerns\\RoutesRequests.php(428): Illuminate\\Pipeline\\Pipeline->then(Object(Closure))
#33 C:\\Users\\HP\\OneDrive\\Desktop\\Semester5Kay\\booking-service\\vendor\\laravel\\lumen-framework\\src\\Concerns\\RoutesRequests.php(167): Laravel\\Lumen\\Application->sendThroughPipeline(Array, Object(Closure))
#34 C:\\Users\\HP\\OneDrive\\Desktop\\Semester5Kay\\booking-service\\vendor\\laravel\\lumen-framework\\src\\Concerns\\RoutesRequests.php(112): Laravel\\Lumen\\Application->dispatch(NULL)
#35 C:\\Users\\HP\\OneDrive\\Desktop\\Semester5Kay\\booking-service\\public\\index.php(28): Laravel\\Lumen\\Application->run()
#36 {main}

[previous exception] [object] (PDOException(code: 7): SQLSTATE[08006] [7] could not translate host name \"db\" to address: Unknown host at C:\\Users\\HP\\OneDrive\\Desktop\\Semester5Kay\\booking-service\\vendor\\illuminate\\database\\Connectors\\Connector.php:65)
[stacktrace]
#0 C:\\Users\\HP\\OneDrive\\Desktop\\Semester5Kay\\booking-service\\vendor\\illuminate\\database\\Connectors\\Connector.php(65): PDO->__construct('pgsql:host=db;d...', 'hotel_user', Object(SensitiveParameterValue), Array)
#1 C:\\Users\\HP\\OneDrive\\Desktop\\Semester5Kay\\booking-service\\vendor\\illuminate\\database\\Connectors\\Connector.php(83): Illuminate\\Database\\Connectors\\Connector->createPdoConnection('pgsql:host=db;d...', 'hotel_user', 'secret', Array)
#2 C:\\Users\\HP\\OneDrive\\Desktop\\Semester5Kay\\booking-service\\vendor\\illuminate\\database\\Connectors\\Connector.php(48): Illuminate\\Database\\Connectors\\Connector->tryAgainIfCausedByLostConnection(Object(PDOException), 'pgsql:host=db;d...', 'hotel_user', 'secret', Array)
#3 C:\\Users\\HP\\OneDrive\\Desktop\\Semester5Kay\\booking-service\\vendor\\illuminate\\database\\Connectors\\PostgresConnector.php(35): Illuminate\\Database\\Connectors\\Connector->createConnection('pgsql:host=db;d...', Array, Array)
#4 C:\\Users\\HP\\OneDrive\\Desktop\\Semester5Kay\\booking-service\\vendor\\illuminate\\database\\Connectors\\ConnectionFactory.php(184): Illuminate\\Database\\Connectors\\PostgresConnector->connect(Array)
#5 [internal function]: Illuminate\\Database\\Connectors\\ConnectionFactory->Illuminate\\Database\\Connectors\\{closure}()
#6 C:\\Users\\HP\\OneDrive\\Desktop\\Semester5Kay\\booking-service\\vendor\\illuminate\\database\\Connection.php(1339): call_user_func(Object(Closure))
#7 C:\\Users\\HP\\OneDrive\\Desktop\\Semester5Kay\\booking-service\\vendor\\illuminate\\database\\Connection.php(528): Illuminate\\Database\\Connection->getPdo()
#8 C:\\Users\\HP\\OneDrive\\Desktop\\Semester5Kay\\booking-service\\vendor\\illuminate\\database\\Connection.php(423): Illuminate\\Database\\Connection->getPdoForSelect(false)
#9 C:\\Users\\HP\\OneDrive\\Desktop\\Semester5Kay\\booking-service\\vendor\\illuminate\\database\\Connection.php(816): Illuminate\\Database\\Connection->Illuminate\\Database\\{closure}('select count(*)...', Array)
#10 C:\\Users\\HP\\OneDrive\\Desktop\\Semester5Kay\\booking-service\\vendor\\illuminate\\database\\Connection.php(983): Illuminate\\Database\\Connection->runQueryCallback('select count(*)...', Array, Object(Closure))
#11 C:\\Users\\HP\\OneDrive\\Desktop\\Semester5Kay\\booking-service\\vendor\\illuminate\\database\\Connection.php(962): Illuminate\\Database\\Connection->tryAgainIfCausedByLostConnection(Object(Illuminate\\Database\\QueryException), 'select count(*)...', Array, Object(Closure))
#12 C:\\Users\\HP\\OneDrive\\Desktop\\Semester5Kay\\booking-service\\vendor\\illuminate\\database\\Connection.php(785): Illuminate\\Database\\Connection->handleQueryException(Object(Illuminate\\Database\\QueryException), 'select count(*)...', Array, Object(Closure))
#13 C:\\Users\\HP\\OneDrive\\Desktop\\Semester5Kay\\booking-service\\vendor\\illuminate\\database\\Connection.php(414): Illuminate\\Database\\Connection->run('select count(*)...', Array, Object(Closure))
#14 C:\\Users\\HP\\OneDrive\\Desktop\\Semester5Kay\\booking-service\\vendor\\illuminate\\database\\Query\\Builder.php(2913): Illuminate\\Database\\Connection->select('select count(*)...', Array, false)
#15 C:\\Users\\HP\\OneDrive\\Desktop\\Semester5Kay\\booking-service\\vendor\\illuminate\\database\\Query\\Builder.php(2902): Illuminate\\Database\\Query\\Builder->runSelect()
#16 C:\\Users\\HP\\OneDrive\\Desktop\\Semester5Kay\\booking-service\\vendor\\illuminate\\database\\Query\\Builder.php(3456): Illuminate\\Database\\Query\\Builder->Illuminate\\Database\\Query\\{closure}()
#17 C:\\Users\\HP\\OneDrive\\Desktop\\Semester5Kay\\booking-service\\vendor\\illuminate\\database\\Query\\Builder.php(2901): Illuminate\\Database\\Query\\Builder->onceWithColumns(Array, Object(Closure))
#18 C:\\Users\\HP\\OneDrive\\Desktop\\Semester5Kay\\booking-service\\vendor\\illuminate\\database\\Query\\Builder.php(3383): Illuminate\\Database\\Query\\Builder->get(Array)
#19 C:\\Users\\HP\\OneDrive\\Desktop\\Semester5Kay\\booking-service\\vendor\\illuminate\\database\\Query\\Builder.php(3311): Illuminate\\Database\\Query\\Builder->aggregate('count', Array)
#20 C:\\Users\\HP\\OneDrive\\Desktop\\Semester5Kay\\booking-service\\vendor\\illuminate\\validation\\DatabasePresenceVerifier.php(54): Illuminate\\Database\\Query\\Builder->count()
#21 C:\\Users\\HP\\OneDrive\\Desktop\\Semester5Kay\\booking-service\\vendor\\illuminate\\validation\\Concerns\\ValidatesAttributes.php(948): Illuminate\\Validation\\DatabasePresenceVerifier->getCount('customers', 'email', 'kayysaniswaa@gm...', NULL, NULL, Array)
#22 C:\\Users\\HP\\OneDrive\\Desktop\\Semester5Kay\\booking-service\\vendor\\illuminate\\validation\\Validator.php(658): Illuminate\\Validation\\Validator->validateUnique('email', 'kayysaniswaa@gm...', Array, Object(Illuminate\\Validation\\Validator))
#23 C:\\Users\\HP\\OneDrive\\Desktop\\Semester5Kay\\booking-service\\vendor\\illuminate\\validation\\Validator.php(457): Illuminate\\Validation\\Validator->validateAttribute('email', 'Unique')
#24 C:\\Users\\HP\\OneDrive\\Desktop\\Semester5Kay\\booking-service\\vendor\\illuminate\\validation\\Validator.php(492): Illuminate\\Validation\\Validator->passes()
#25 C:\\Users\\HP\\OneDrive\\Desktop\\Semester5Kay\\booking-service\\app\\Http\\Controllers\\CustomerController.php(27): Illuminate\\Validation\\Validator->fails()
#26 C:\\Users\\HP\\OneDrive\\Desktop\\Semester5Kay\\booking-service\\vendor\\illuminate\\container\\BoundMethod.php(36): App\\Http\\Controllers\\CustomerController->store(Object(Laravel\\Lumen\\Http\\Request))
#27 C:\\Users\\HP\\OneDrive\\Desktop\\Semester5Kay\\booking-service\\vendor\\illuminate\\container\\Util.php(41): Illuminate\\Container\\BoundMethod::Illuminate\\Container\\{closure}()
#28 C:\\Users\\HP\\OneDrive\\Desktop\\Semester5Kay\\booking-service\\vendor\\illuminate\\container\\BoundMethod.php(93): Illuminate\\Container\\Util::unwrapIfClosure(Object(Closure))
#29 C:\\Users\\HP\\OneDrive\\Desktop\\Semester5Kay\\booking-service\\vendor\\illuminate\\container\\BoundMethod.php(35): Illuminate\\Container\\BoundMethod::callBoundMethod(Object(Laravel\\Lumen\\Application), Array, Object(Closure))
#30 C:\\Users\\HP\\OneDrive\\Desktop\\Semester5Kay\\booking-service\\vendor\\illuminate\\container\\Container.php(662): Illuminate\\Container\\BoundMethod::call(Object(Laravel\\Lumen\\Application), Array, Array, NULL)
#31 C:\\Users\\HP\\OneDrive\\Desktop\\Semester5Kay\\booking-service\\vendor\\laravel\\lumen-framework\\src\\Concerns\\RoutesRequests.php(391): Illuminate\\Container\\Container->call(Array, Array)
#32 C:\\Users\\HP\\OneDrive\\Desktop\\Semester5Kay\\booking-service\\vendor\\laravel\\lumen-framework\\src\\Concerns\\RoutesRequests.php(356): Laravel\\Lumen\\Application->callControllerCallable(Array, Array)
#33 C:\\Users\\HP\\OneDrive\\Desktop\\Semester5Kay\\booking-service\\vendor\\laravel\\lumen-framework\\src\\Concerns\\RoutesRequests.php(331): Laravel\\Lumen\\Application->callLumenController(Object(App\\Http\\Controllers\\CustomerController), 'store', Array)
#34 C:\\Users\\HP\\OneDrive\\Desktop\\Semester5Kay\\booking-service\\vendor\\laravel\\lumen-framework\\src\\Concerns\\RoutesRequests.php(284): Laravel\\Lumen\\Application->callControllerAction(Array)
#35 C:\\Users\\HP\\OneDrive\\Desktop\\Semester5Kay\\booking-service\\vendor\\laravel\\lumen-framework\\src\\Concerns\\RoutesRequests.php(269): Laravel\\Lumen\\Application->callActionOnArrayBasedRoute(Array)
#36 C:\\Users\\HP\\OneDrive\\Desktop\\Semester5Kay\\booking-service\\vendor\\laravel\\lumen-framework\\src\\Concerns\\RoutesRequests.php(171): Laravel\\Lumen\\Application->handleFoundRoute(Array)
#37 C:\\Users\\HP\\OneDrive\\Desktop\\Semester5Kay\\booking-service\\vendor\\laravel\\lumen-framework\\src\\Routing\\Pipeline.php(48): Laravel\\Lumen\\Application->Laravel\\Lumen\\Concerns\\{closure}(Object(Laravel\\Lumen\\Http\\Request))
#38 C:\\Users\\HP\\OneDrive\\Desktop\\Semester5Kay\\booking-service\\bootstrap\\app.php(39): Laravel\\Lumen\\Routing\\Pipeline->Laravel\\Lumen\\Routing\\{closure}(Object(Laravel\\Lumen\\Http\\Request))
#39 C:\\Users\\HP\\OneDrive\\Desktop\\Semester5Kay\\booking-service\\vendor\\illuminate\\pipeline\\Pipeline.php(165): {closure}(Object(Laravel\\Lumen\\Http\\Request), Object(Closure))
#40 C:\\Users\\HP\\OneDrive\\Desktop\\Semester5Kay\\booking-service\\vendor\\laravel\\lumen-framework\\src\\Routing\\Pipeline.php(30): Illuminate\\Pipeline\\Pipeline->Illuminate\\Pipeline\\{closure}(Object(Laravel\\Lumen\\Http\\Request))
#41 C:\\Users\\HP\\OneDrive\\Desktop\\Semester5Kay\\booking-service\\vendor\\illuminate\\pipeline\\Pipeline.php(119): Laravel\\Lumen\\Routing\\Pipeline->Laravel\\Lumen\\Routing\\{closure}(Object(Laravel\\Lumen\\Http\\Request))
#42 C:\\Users\\HP\\OneDrive\\Desktop\\Semester5Kay\\booking-service\\vendor\\laravel\\lumen-framework\\src\\Concerns\\RoutesRequests.php(428): Illuminate\\Pipeline\\Pipeline->then(Object(Closure))
#43 C:\\Users\\HP\\OneDrive\\Desktop\\Semester5Kay\\booking-service\\vendor\\laravel\\lumen-framework\\src\\Concerns\\RoutesRequests.php(167): Laravel\\Lumen\\Application->sendThroughPipeline(Array, Object(Closure))
#44 C:\\Users\\HP\\OneDrive\\Desktop\\Semester5Kay\\booking-service\\vendor\\laravel\\lumen-framework\\src\\Concerns\\RoutesRequests.php(112): Laravel\\Lumen\\Application->dispatch(NULL)
#45 C:\\Users\\HP\\OneDrive\\Desktop\\Semester5Kay\\booking-service\\public\\index.php(28): Laravel\\Lumen\\Application->run()
#46 {main}
"} 
[2025-06-11 00:45:52] local.ERROR: SQLSTATE[08006] [7] could not translate host name "db" to address: Unknown host (Connection: pgsql, SQL: select count(*) as aggregate from "customers" where "email" = kayysaniswaa@gmail.com) {"exception":"[object] (Illuminate\\Database\\QueryException(code: 7): SQLSTATE[08006] [7] could not translate host name \"db\" to address: Unknown host (Connection: pgsql, SQL: select count(*) as aggregate from \"customers\" where \"email\" = kayysaniswaa@gmail.com) at C:\\Users\\HP\\OneDrive\\Desktop\\Semester5Kay\\booking-service\\vendor\\illuminate\\database\\Connection.php:829)
[stacktrace]
#0 C:\\Users\\HP\\OneDrive\\Desktop\\Semester5Kay\\booking-service\\vendor\\illuminate\\database\\Connection.php(983): Illuminate\\Database\\Connection->runQueryCallback('select count(*)...', Array, Object(Closure))
#1 C:\\Users\\HP\\OneDrive\\Desktop\\Semester5Kay\\booking-service\\vendor\\illuminate\\database\\Connection.php(962): Illuminate\\Database\\Connection->tryAgainIfCausedByLostConnection(Object(Illuminate\\Database\\QueryException), 'select count(*)...', Array, Object(Closure))
#2 C:\\Users\\HP\\OneDrive\\Desktop\\Semester5Kay\\booking-service\\vendor\\illuminate\\database\\Connection.php(785): Illuminate\\Database\\Connection->handleQueryException(Object(Illuminate\\Database\\QueryException), 'select count(*)...', Array, Object(Closure))
#3 C:\\Users\\HP\\OneDrive\\Desktop\\Semester5Kay\\booking-service\\vendor\\illuminate\\database\\Connection.php(414): Illuminate\\Database\\Connection->run('select count(*)...', Array, Object(Closure))
#4 C:\\Users\\HP\\OneDrive\\Desktop\\Semester5Kay\\booking-service\\vendor\\illuminate\\database\\Query\\Builder.php(2913): Illuminate\\Database\\Connection->select('select count(*)...', Array, false)
#5 C:\\Users\\HP\\OneDrive\\Desktop\\Semester5Kay\\booking-service\\vendor\\illuminate\\database\\Query\\Builder.php(2902): Illuminate\\Database\\Query\\Builder->runSelect()
#6 C:\\Users\\HP\\OneDrive\\Desktop\\Semester5Kay\\booking-service\\vendor\\illuminate\\database\\Query\\Builder.php(3456): Illuminate\\Database\\Query\\Builder->Illuminate\\Database\\Query\\{closure}()
#7 C:\\Users\\HP\\OneDrive\\Desktop\\Semester5Kay\\booking-service\\vendor\\illuminate\\database\\Query\\Builder.php(2901): Illuminate\\Database\\Query\\Builder->onceWithColumns(Array, Object(Closure))
#8 C:\\Users\\HP\\OneDrive\\Desktop\\Semester5Kay\\booking-service\\vendor\\illuminate\\database\\Query\\Builder.php(3383): Illuminate\\Database\\Query\\Builder->get(Array)
#9 C:\\Users\\HP\\OneDrive\\Desktop\\Semester5Kay\\booking-service\\vendor\\illuminate\\database\\Query\\Builder.php(3311): Illuminate\\Database\\Query\\Builder->aggregate('count', Array)
#10 C:\\Users\\HP\\OneDrive\\Desktop\\Semester5Kay\\booking-service\\vendor\\illuminate\\validation\\DatabasePresenceVerifier.php(54): Illuminate\\Database\\Query\\Builder->count()
#11 C:\\Users\\HP\\OneDrive\\Desktop\\Semester5Kay\\booking-service\\vendor\\illuminate\\validation\\Concerns\\ValidatesAttributes.php(948): Illuminate\\Validation\\DatabasePresenceVerifier->getCount('customers', 'email', 'kayysaniswaa@gm...', NULL, NULL, Array)
#12 C:\\Users\\HP\\OneDrive\\Desktop\\Semester5Kay\\booking-service\\vendor\\illuminate\\validation\\Validator.php(658): Illuminate\\Validation\\Validator->validateUnique('email', 'kayysaniswaa@gm...', Array, Object(Illuminate\\Validation\\Validator))
#13 C:\\Users\\HP\\OneDrive\\Desktop\\Semester5Kay\\booking-service\\vendor\\illuminate\\validation\\Validator.php(457): Illuminate\\Validation\\Validator->validateAttribute('email', 'Unique')
#14 C:\\Users\\HP\\OneDrive\\Desktop\\Semester5Kay\\booking-service\\vendor\\illuminate\\validation\\Validator.php(492): Illuminate\\Validation\\Validator->passes()
#15 C:\\Users\\HP\\OneDrive\\Desktop\\Semester5Kay\\booking-service\\app\\Http\\Controllers\\CustomerController.php(27): Illuminate\\Validation\\Validator->fails()
#16 C:\\Users\\HP\\OneDrive\\Desktop\\Semester5Kay\\booking-service\\vendor\\illuminate\\container\\BoundMethod.php(36): App\\Http\\Controllers\\CustomerController->store(Object(Laravel\\Lumen\\Http\\Request))
#17 C:\\Users\\HP\\OneDrive\\Desktop\\Semester5Kay\\booking-service\\vendor\\illuminate\\container\\Util.php(41): Illuminate\\Container\\BoundMethod::Illuminate\\Container\\{closure}()
#18 C:\\Users\\HP\\OneDrive\\Desktop\\Semester5Kay\\booking-service\\vendor\\illuminate\\container\\BoundMethod.php(93): Illuminate\\Container\\Util::unwrapIfClosure(Object(Closure))
#19 C:\\Users\\HP\\OneDrive\\Desktop\\Semester5Kay\\booking-service\\vendor\\illuminate\\container\\BoundMethod.php(35): Illuminate\\Container\\BoundMethod::callBoundMethod(Object(Laravel\\Lumen\\Application), Array, Object(Closure))
#20 C:\\Users\\HP\\OneDrive\\Desktop\\Semester5Kay\\booking-service\\vendor\\illuminate\\container\\Container.php(662): Illuminate\\Container\\BoundMethod::call(Object(Laravel\\Lumen\\Application), Array, Array, NULL)
#21 C:\\Users\\HP\\OneDrive\\Desktop\\Semester5Kay\\booking-service\\vendor\\laravel\\lumen-framework\\src\\Concerns\\RoutesRequests.php(391): Illuminate\\Container\\Container->call(Array, Array)
#22 C:\\Users\\HP\\OneDrive\\Desktop\\Semester5Kay\\booking-service\\vendor\\laravel\\lumen-framework\\src\\Concerns\\RoutesRequests.php(356): Laravel\\Lumen\\Application->callControllerCallable(Array, Array)
#23 C:\\Users\\HP\\OneDrive\\Desktop\\Semester5Kay\\booking-service\\vendor\\laravel\\lumen-framework\\src\\Concerns\\RoutesRequests.php(331): Laravel\\Lumen\\Application->callLumenController(Object(App\\Http\\Controllers\\CustomerController), 'store', Array)
#24 C:\\Users\\HP\\OneDrive\\Desktop\\Semester5Kay\\booking-service\\vendor\\laravel\\lumen-framework\\src\\Concerns\\RoutesRequests.php(284): Laravel\\Lumen\\Application->callControllerAction(Array)
#25 C:\\Users\\HP\\OneDrive\\Desktop\\Semester5Kay\\booking-service\\vendor\\laravel\\lumen-framework\\src\\Concerns\\RoutesRequests.php(269): Laravel\\Lumen\\Application->callActionOnArrayBasedRoute(Array)
#26 C:\\Users\\HP\\OneDrive\\Desktop\\Semester5Kay\\booking-service\\vendor\\laravel\\lumen-framework\\src\\Concerns\\RoutesRequests.php(171): Laravel\\Lumen\\Application->handleFoundRoute(Array)
#27 C:\\Users\\HP\\OneDrive\\Desktop\\Semester5Kay\\booking-service\\vendor\\laravel\\lumen-framework\\src\\Routing\\Pipeline.php(48): Laravel\\Lumen\\Application->Laravel\\Lumen\\Concerns\\{closure}(Object(Laravel\\Lumen\\Http\\Request))
#28 C:\\Users\\HP\\OneDrive\\Desktop\\Semester5Kay\\booking-service\\bootstrap\\app.php(39): Laravel\\Lumen\\Routing\\Pipeline->Laravel\\Lumen\\Routing\\{closure}(Object(Laravel\\Lumen\\Http\\Request))
#29 C:\\Users\\HP\\OneDrive\\Desktop\\Semester5Kay\\booking-service\\vendor\\illuminate\\pipeline\\Pipeline.php(165): {closure}(Object(Laravel\\Lumen\\Http\\Request), Object(Closure))
#30 C:\\Users\\HP\\OneDrive\\Desktop\\Semester5Kay\\booking-service\\vendor\\laravel\\lumen-framework\\src\\Routing\\Pipeline.php(30): Illuminate\\Pipeline\\Pipeline->Illuminate\\Pipeline\\{closure}(Object(Laravel\\Lumen\\Http\\Request))
#31 C:\\Users\\HP\\OneDrive\\Desktop\\Semester5Kay\\booking-service\\vendor\\illuminate\\pipeline\\Pipeline.php(119): Laravel\\Lumen\\Routing\\Pipeline->Laravel\\Lumen\\Routing\\{closure}(Object(Laravel\\Lumen\\Http\\Request))
#32 C:\\Users\\HP\\OneDrive\\Desktop\\Semester5Kay\\booking-service\\vendor\\laravel\\lumen-framework\\src\\Concerns\\RoutesRequests.php(428): Illuminate\\Pipeline\\Pipeline->then(Object(Closure))
#33 C:\\Users\\HP\\OneDrive\\Desktop\\Semester5Kay\\booking-service\\vendor\\laravel\\lumen-framework\\src\\Concerns\\RoutesRequests.php(167): Laravel\\Lumen\\Application->sendThroughPipeline(Array, Object(Closure))
#34 C:\\Users\\HP\\OneDrive\\Desktop\\Semester5Kay\\booking-service\\vendor\\laravel\\lumen-framework\\src\\Concerns\\RoutesRequests.php(112): Laravel\\Lumen\\Application->dispatch(NULL)
#35 C:\\Users\\HP\\OneDrive\\Desktop\\Semester5Kay\\booking-service\\public\\index.php(28): Laravel\\Lumen\\Application->run()
#36 {main}

[previous exception] [object] (PDOException(code: 7): SQLSTATE[08006] [7] could not translate host name \"db\" to address: Unknown host at C:\\Users\\HP\\OneDrive\\Desktop\\Semester5Kay\\booking-service\\vendor\\illuminate\\database\\Connectors\\Connector.php:65)
[stacktrace]
#0 C:\\Users\\HP\\OneDrive\\Desktop\\Semester5Kay\\booking-service\\vendor\\illuminate\\database\\Connectors\\Connector.php(65): PDO->__construct('pgsql:host=db;d...', 'hotel_user', Object(SensitiveParameterValue), Array)
#1 C:\\Users\\HP\\OneDrive\\Desktop\\Semester5Kay\\booking-service\\vendor\\illuminate\\database\\Connectors\\Connector.php(83): Illuminate\\Database\\Connectors\\Connector->createPdoConnection('pgsql:host=db;d...', 'hotel_user', 'secret', Array)
#2 C:\\Users\\HP\\OneDrive\\Desktop\\Semester5Kay\\booking-service\\vendor\\illuminate\\database\\Connectors\\Connector.php(48): Illuminate\\Database\\Connectors\\Connector->tryAgainIfCausedByLostConnection(Object(PDOException), 'pgsql:host=db;d...', 'hotel_user', 'secret', Array)
#3 C:\\Users\\HP\\OneDrive\\Desktop\\Semester5Kay\\booking-service\\vendor\\illuminate\\database\\Connectors\\PostgresConnector.php(35): Illuminate\\Database\\Connectors\\Connector->createConnection('pgsql:host=db;d...', Array, Array)
#4 C:\\Users\\HP\\OneDrive\\Desktop\\Semester5Kay\\booking-service\\vendor\\illuminate\\database\\Connectors\\ConnectionFactory.php(184): Illuminate\\Database\\Connectors\\PostgresConnector->connect(Array)
#5 [internal function]: Illuminate\\Database\\Connectors\\ConnectionFactory->Illuminate\\Database\\Connectors\\{closure}()
#6 C:\\Users\\HP\\OneDrive\\Desktop\\Semester5Kay\\booking-service\\vendor\\illuminate\\database\\Connection.php(1339): call_user_func(Object(Closure))
#7 C:\\Users\\HP\\OneDrive\\Desktop\\Semester5Kay\\booking-service\\vendor\\illuminate\\database\\Connection.php(528): Illuminate\\Database\\Connection->getPdo()
#8 C:\\Users\\HP\\OneDrive\\Desktop\\Semester5Kay\\booking-service\\vendor\\illuminate\\database\\Connection.php(423): Illuminate\\Database\\Connection->getPdoForSelect(false)
#9 C:\\Users\\HP\\OneDrive\\Desktop\\Semester5Kay\\booking-service\\vendor\\illuminate\\database\\Connection.php(816): Illuminate\\Database\\Connection->Illuminate\\Database\\{closure}('select count(*)...', Array)
#10 C:\\Users\\HP\\OneDrive\\Desktop\\Semester5Kay\\booking-service\\vendor\\illuminate\\database\\Connection.php(983): Illuminate\\Database\\Connection->runQueryCallback('select count(*)...', Array, Object(Closure))
#11 C:\\Users\\HP\\OneDrive\\Desktop\\Semester5Kay\\booking-service\\vendor\\illuminate\\database\\Connection.php(962): Illuminate\\Database\\Connection->tryAgainIfCausedByLostConnection(Object(Illuminate\\Database\\QueryException), 'select count(*)...', Array, Object(Closure))
#12 C:\\Users\\HP\\OneDrive\\Desktop\\Semester5Kay\\booking-service\\vendor\\illuminate\\database\\Connection.php(785): Illuminate\\Database\\Connection->handleQueryException(Object(Illuminate\\Database\\QueryException), 'select count(*)...', Array, Object(Closure))
#13 C:\\Users\\HP\\OneDrive\\Desktop\\Semester5Kay\\booking-service\\vendor\\illuminate\\database\\Connection.php(414): Illuminate\\Database\\Connection->run('select count(*)...', Array, Object(Closure))
#14 C:\\Users\\HP\\OneDrive\\Desktop\\Semester5Kay\\booking-service\\vendor\\illuminate\\database\\Query\\Builder.php(2913): Illuminate\\Database\\Connection->select('select count(*)...', Array, false)
#15 C:\\Users\\HP\\OneDrive\\Desktop\\Semester5Kay\\booking-service\\vendor\\illuminate\\database\\Query\\Builder.php(2902): Illuminate\\Database\\Query\\Builder->runSelect()
#16 C:\\Users\\HP\\OneDrive\\Desktop\\Semester5Kay\\booking-service\\vendor\\illuminate\\database\\Query\\Builder.php(3456): Illuminate\\Database\\Query\\Builder->Illuminate\\Database\\Query\\{closure}()
#17 C:\\Users\\HP\\OneDrive\\Desktop\\Semester5Kay\\booking-service\\vendor\\illuminate\\database\\Query\\Builder.php(2901): Illuminate\\Database\\Query\\Builder->onceWithColumns(Array, Object(Closure))
#18 C:\\Users\\HP\\OneDrive\\Desktop\\Semester5Kay\\booking-service\\vendor\\illuminate\\database\\Query\\Builder.php(3383): Illuminate\\Database\\Query\\Builder->get(Array)
#19 C:\\Users\\HP\\OneDrive\\Desktop\\Semester5Kay\\booking-service\\vendor\\illuminate\\database\\Query\\Builder.php(3311): Illuminate\\Database\\Query\\Builder->aggregate('count', Array)
#20 C:\\Users\\HP\\OneDrive\\Desktop\\Semester5Kay\\booking-service\\vendor\\illuminate\\validation\\DatabasePresenceVerifier.php(54): Illuminate\\Database\\Query\\Builder->count()
#21 C:\\Users\\HP\\OneDrive\\Desktop\\Semester5Kay\\booking-service\\vendor\\illuminate\\validation\\Concerns\\ValidatesAttributes.php(948): Illuminate\\Validation\\DatabasePresenceVerifier->getCount('customers', 'email', 'kayysaniswaa@gm...', NULL, NULL, Array)
#22 C:\\Users\\HP\\OneDrive\\Desktop\\Semester5Kay\\booking-service\\vendor\\illuminate\\validation\\Validator.php(658): Illuminate\\Validation\\Validator->validateUnique('email', 'kayysaniswaa@gm...', Array, Object(Illuminate\\Validation\\Validator))
#23 C:\\Users\\HP\\OneDrive\\Desktop\\Semester5Kay\\booking-service\\vendor\\illuminate\\validation\\Validator.php(457): Illuminate\\Validation\\Validator->validateAttribute('email', 'Unique')
#24 C:\\Users\\HP\\OneDrive\\Desktop\\Semester5Kay\\booking-service\\vendor\\illuminate\\validation\\Validator.php(492): Illuminate\\Validation\\Validator->passes()
#25 C:\\Users\\HP\\OneDrive\\Desktop\\Semester5Kay\\booking-service\\app\\Http\\Controllers\\CustomerController.php(27): Illuminate\\Validation\\Validator->fails()
#26 C:\\Users\\HP\\OneDrive\\Desktop\\Semester5Kay\\booking-service\\vendor\\illuminate\\container\\BoundMethod.php(36): App\\Http\\Controllers\\CustomerController->store(Object(Laravel\\Lumen\\Http\\Request))
#27 C:\\Users\\HP\\OneDrive\\Desktop\\Semester5Kay\\booking-service\\vendor\\illuminate\\container\\Util.php(41): Illuminate\\Container\\BoundMethod::Illuminate\\Container\\{closure}()
#28 C:\\Users\\HP\\OneDrive\\Desktop\\Semester5Kay\\booking-service\\vendor\\illuminate\\container\\BoundMethod.php(93): Illuminate\\Container\\Util::unwrapIfClosure(Object(Closure))
#29 C:\\Users\\HP\\OneDrive\\Desktop\\Semester5Kay\\booking-service\\vendor\\illuminate\\container\\BoundMethod.php(35): Illuminate\\Container\\BoundMethod::callBoundMethod(Object(Laravel\\Lumen\\Application), Array, Object(Closure))
#30 C:\\Users\\HP\\OneDrive\\Desktop\\Semester5Kay\\booking-service\\vendor\\illuminate\\container\\Container.php(662): Illuminate\\Container\\BoundMethod::call(Object(Laravel\\Lumen\\Application), Array, Array, NULL)
#31 C:\\Users\\HP\\OneDrive\\Desktop\\Semester5Kay\\booking-service\\vendor\\laravel\\lumen-framework\\src\\Concerns\\RoutesRequests.php(391): Illuminate\\Container\\Container->call(Array, Array)
#32 C:\\Users\\HP\\OneDrive\\Desktop\\Semester5Kay\\booking-service\\vendor\\laravel\\lumen-framework\\src\\Concerns\\RoutesRequests.php(356): Laravel\\Lumen\\Application->callControllerCallable(Array, Array)
#33 C:\\Users\\HP\\OneDrive\\Desktop\\Semester5Kay\\booking-service\\vendor\\laravel\\lumen-framework\\src\\Concerns\\RoutesRequests.php(331): Laravel\\Lumen\\Application->callLumenController(Object(App\\Http\\Controllers\\CustomerController), 'store', Array)
#34 C:\\Users\\HP\\OneDrive\\Desktop\\Semester5Kay\\booking-service\\vendor\\laravel\\lumen-framework\\src\\Concerns\\RoutesRequests.php(284): Laravel\\Lumen\\Application->callControllerAction(Array)
#35 C:\\Users\\HP\\OneDrive\\Desktop\\Semester5Kay\\booking-service\\vendor\\laravel\\lumen-framework\\src\\Concerns\\RoutesRequests.php(269): Laravel\\Lumen\\Application->callActionOnArrayBasedRoute(Array)
#36 C:\\Users\\HP\\OneDrive\\Desktop\\Semester5Kay\\booking-service\\vendor\\laravel\\lumen-framework\\src\\Concerns\\RoutesRequests.php(171): Laravel\\Lumen\\Application->handleFoundRoute(Array)
#37 C:\\Users\\HP\\OneDrive\\Desktop\\Semester5Kay\\booking-service\\vendor\\laravel\\lumen-framework\\src\\Routing\\Pipeline.php(48): Laravel\\Lumen\\Application->Laravel\\Lumen\\Concerns\\{closure}(Object(Laravel\\Lumen\\Http\\Request))
#38 C:\\Users\\HP\\OneDrive\\Desktop\\Semester5Kay\\booking-service\\bootstrap\\app.php(39): Laravel\\Lumen\\Routing\\Pipeline->Laravel\\Lumen\\Routing\\{closure}(Object(Laravel\\Lumen\\Http\\Request))
#39 C:\\Users\\HP\\OneDrive\\Desktop\\Semester5Kay\\booking-service\\vendor\\illuminate\\pipeline\\Pipeline.php(165): {closure}(Object(Laravel\\Lumen\\Http\\Request), Object(Closure))
#40 C:\\Users\\HP\\OneDrive\\Desktop\\Semester5Kay\\booking-service\\vendor\\laravel\\lumen-framework\\src\\Routing\\Pipeline.php(30): Illuminate\\Pipeline\\Pipeline->Illuminate\\Pipeline\\{closure}(Object(Laravel\\Lumen\\Http\\Request))
#41 C:\\Users\\HP\\OneDrive\\Desktop\\Semester5Kay\\booking-service\\vendor\\illuminate\\pipeline\\Pipeline.php(119): Laravel\\Lumen\\Routing\\Pipeline->Laravel\\Lumen\\Routing\\{closure}(Object(Laravel\\Lumen\\Http\\Request))
#42 C:\\Users\\HP\\OneDrive\\Desktop\\Semester5Kay\\booking-service\\vendor\\laravel\\lumen-framework\\src\\Concerns\\RoutesRequests.php(428): Illuminate\\Pipeline\\Pipeline->then(Object(Closure))
#43 C:\\Users\\HP\\OneDrive\\Desktop\\Semester5Kay\\booking-service\\vendor\\laravel\\lumen-framework\\src\\Concerns\\RoutesRequests.php(167): Laravel\\Lumen\\Application->sendThroughPipeline(Array, Object(Closure))
#44 C:\\Users\\HP\\OneDrive\\Desktop\\Semester5Kay\\booking-service\\vendor\\laravel\\lumen-framework\\src\\Concerns\\RoutesRequests.php(112): Laravel\\Lumen\\Application->dispatch(NULL)
#45 C:\\Users\\HP\\OneDrive\\Desktop\\Semester5Kay\\booking-service\\public\\index.php(28): Laravel\\Lumen\\Application->run()
#46 {main}
"} 
[2025-06-11 01:41:20] local.ERROR: Command "serve" is not defined. {"exception":"[object] (Symfony\\Component\\Console\\Exception\\CommandNotFoundException(code: 0): Command \"serve\" is not defined. at C:\\Users\\HP\\OneDrive\\Desktop\\Semester5Kay\\booking-service\\vendor\\symfony\\console\\Application.php:737)
[stacktrace]
#0 C:\\Users\\HP\\OneDrive\\Desktop\\Semester5Kay\\booking-service\\vendor\\symfony\\console\\Application.php(266): Symfony\\Component\\Console\\Application->find('serve')
#1 C:\\Users\\HP\\OneDrive\\Desktop\\Semester5Kay\\booking-service\\vendor\\symfony\\console\\Application.php(175): Symfony\\Component\\Console\\Application->doRun(Object(Symfony\\Component\\Console\\Input\\ArgvInput), Object(Symfony\\Component\\Console\\Output\\ConsoleOutput))
#2 C:\\Users\\HP\\OneDrive\\Desktop\\Semester5Kay\\booking-service\\vendor\\laravel\\lumen-framework\\src\\Console\\Kernel.php(160): Symfony\\Component\\Console\\Application->run(Object(Symfony\\Component\\Console\\Input\\ArgvInput), Object(Symfony\\Component\\Console\\Output\\ConsoleOutput))
#3 C:\\Users\\HP\\OneDrive\\Desktop\\Semester5Kay\\booking-service\\artisan(35): Laravel\\Lumen\\Console\\Kernel->handle(Object(Symfony\\Component\\Console\\Input\\ArgvInput), Object(Symfony\\Component\\Console\\Output\\ConsoleOutput))
#4 {main}
"} 
[2025-06-11 01:48:37] local.ERROR: SQLSTATE[08006] [7] could not translate host name "db" to address: Unknown host (Connection: pgsql, SQL: select * from "bookings") {"exception":"[object] (Illuminate\\Database\\QueryException(code: 7): SQLSTATE[08006] [7] could not translate host name \"db\" to address: Unknown host (Connection: pgsql, SQL: select * from \"bookings\") at C:\\Users\\HP\\OneDrive\\Desktop\\Semester5Kay\\booking-service\\vendor\\illuminate\\database\\Connection.php:829)
[stacktrace]
#0 C:\\Users\\HP\\OneDrive\\Desktop\\Semester5Kay\\booking-service\\vendor\\illuminate\\database\\Connection.php(983): Illuminate\\Database\\Connection->runQueryCallback('select * from \"...', Array, Object(Closure))
#1 C:\\Users\\HP\\OneDrive\\Desktop\\Semester5Kay\\booking-service\\vendor\\illuminate\\database\\Connection.php(962): Illuminate\\Database\\Connection->tryAgainIfCausedByLostConnection(Object(Illuminate\\Database\\QueryException), 'select * from \"...', Array, Object(Closure))
#2 C:\\Users\\HP\\OneDrive\\Desktop\\Semester5Kay\\booking-service\\vendor\\illuminate\\database\\Connection.php(785): Illuminate\\Database\\Connection->handleQueryException(Object(Illuminate\\Database\\QueryException), 'select * from \"...', Array, Object(Closure))
#3 C:\\Users\\HP\\OneDrive\\Desktop\\Semester5Kay\\booking-service\\vendor\\illuminate\\database\\Connection.php(414): Illuminate\\Database\\Connection->run('select * from \"...', Array, Object(Closure))
#4 C:\\Users\\HP\\OneDrive\\Desktop\\Semester5Kay\\booking-service\\vendor\\illuminate\\database\\Query\\Builder.php(2913): Illuminate\\Database\\Connection->select('select * from \"...', Array, true)
#5 C:\\Users\\HP\\OneDrive\\Desktop\\Semester5Kay\\booking-service\\vendor\\illuminate\\database\\Query\\Builder.php(2902): Illuminate\\Database\\Query\\Builder->runSelect()
#6 C:\\Users\\HP\\OneDrive\\Desktop\\Semester5Kay\\booking-service\\vendor\\illuminate\\database\\Query\\Builder.php(3456): Illuminate\\Database\\Query\\Builder->Illuminate\\Database\\Query\\{closure}()
#7 C:\\Users\\HP\\OneDrive\\Desktop\\Semester5Kay\\booking-service\\vendor\\illuminate\\database\\Query\\Builder.php(2901): Illuminate\\Database\\Query\\Builder->onceWithColumns(Array, Object(Closure))
#8 C:\\Users\\HP\\OneDrive\\Desktop\\Semester5Kay\\booking-service\\vendor\\illuminate\\database\\Eloquent\\Builder.php(739): Illuminate\\Database\\Query\\Builder->get(Array)
#9 C:\\Users\\HP\\OneDrive\\Desktop\\Semester5Kay\\booking-service\\vendor\\illuminate\\database\\Eloquent\\Builder.php(723): Illuminate\\Database\\Eloquent\\Builder->getModels(Array)
#10 C:\\Users\\HP\\OneDrive\\Desktop\\Semester5Kay\\booking-service\\app\\Http\\Controllers\\BookingController.php(14): Illuminate\\Database\\Eloquent\\Builder->get()
#11 C:\\Users\\HP\\OneDrive\\Desktop\\Semester5Kay\\booking-service\\vendor\\illuminate\\container\\BoundMethod.php(36): App\\Http\\Controllers\\BookingController->index()
#12 C:\\Users\\HP\\OneDrive\\Desktop\\Semester5Kay\\booking-service\\vendor\\illuminate\\container\\Util.php(41): Illuminate\\Container\\BoundMethod::Illuminate\\Container\\{closure}()
#13 C:\\Users\\HP\\OneDrive\\Desktop\\Semester5Kay\\booking-service\\vendor\\illuminate\\container\\BoundMethod.php(93): Illuminate\\Container\\Util::unwrapIfClosure(Object(Closure))
#14 C:\\Users\\HP\\OneDrive\\Desktop\\Semester5Kay\\booking-service\\vendor\\illuminate\\container\\BoundMethod.php(35): Illuminate\\Container\\BoundMethod::callBoundMethod(Object(Laravel\\Lumen\\Application), Array, Object(Closure))
#15 C:\\Users\\HP\\OneDrive\\Desktop\\Semester5Kay\\booking-service\\vendor\\illuminate\\container\\Container.php(662): Illuminate\\Container\\BoundMethod::call(Object(Laravel\\Lumen\\Application), Array, Array, NULL)
#16 C:\\Users\\HP\\OneDrive\\Desktop\\Semester5Kay\\booking-service\\vendor\\laravel\\lumen-framework\\src\\Concerns\\RoutesRequests.php(391): Illuminate\\Container\\Container->call(Array, Array)
#17 C:\\Users\\HP\\OneDrive\\Desktop\\Semester5Kay\\booking-service\\vendor\\laravel\\lumen-framework\\src\\Concerns\\RoutesRequests.php(356): Laravel\\Lumen\\Application->callControllerCallable(Array, Array)
#18 C:\\Users\\HP\\OneDrive\\Desktop\\Semester5Kay\\booking-service\\vendor\\laravel\\lumen-framework\\src\\Concerns\\RoutesRequests.php(331): Laravel\\Lumen\\Application->callLumenController(Object(App\\Http\\Controllers\\BookingController), 'index', Array)
#19 C:\\Users\\HP\\OneDrive\\Desktop\\Semester5Kay\\booking-service\\vendor\\laravel\\lumen-framework\\src\\Concerns\\RoutesRequests.php(284): Laravel\\Lumen\\Application->callControllerAction(Array)
#20 C:\\Users\\HP\\OneDrive\\Desktop\\Semester5Kay\\booking-service\\vendor\\laravel\\lumen-framework\\src\\Concerns\\RoutesRequests.php(269): Laravel\\Lumen\\Application->callActionOnArrayBasedRoute(Array)
#21 C:\\Users\\HP\\OneDrive\\Desktop\\Semester5Kay\\booking-service\\vendor\\laravel\\lumen-framework\\src\\Concerns\\RoutesRequests.php(171): Laravel\\Lumen\\Application->handleFoundRoute(Array)
#22 C:\\Users\\HP\\OneDrive\\Desktop\\Semester5Kay\\booking-service\\vendor\\laravel\\lumen-framework\\src\\Routing\\Pipeline.php(48): Laravel\\Lumen\\Application->Laravel\\Lumen\\Concerns\\{closure}(Object(Laravel\\Lumen\\Http\\Request))
#23 C:\\Users\\HP\\OneDrive\\Desktop\\Semester5Kay\\booking-service\\bootstrap\\app.php(39): Laravel\\Lumen\\Routing\\Pipeline->Laravel\\Lumen\\Routing\\{closure}(Object(Laravel\\Lumen\\Http\\Request))
#24 C:\\Users\\HP\\OneDrive\\Desktop\\Semester5Kay\\booking-service\\vendor\\illuminate\\pipeline\\Pipeline.php(165): {closure}(Object(Laravel\\Lumen\\Http\\Request), Object(Closure))
#25 C:\\Users\\HP\\OneDrive\\Desktop\\Semester5Kay\\booking-service\\vendor\\laravel\\lumen-framework\\src\\Routing\\Pipeline.php(30): Illuminate\\Pipeline\\Pipeline->Illuminate\\Pipeline\\{closure}(Object(Laravel\\Lumen\\Http\\Request))
#26 C:\\Users\\HP\\OneDrive\\Desktop\\Semester5Kay\\booking-service\\vendor\\illuminate\\pipeline\\Pipeline.php(119): Laravel\\Lumen\\Routing\\Pipeline->Laravel\\Lumen\\Routing\\{closure}(Object(Laravel\\Lumen\\Http\\Request))
#27 C:\\Users\\HP\\OneDrive\\Desktop\\Semester5Kay\\booking-service\\vendor\\laravel\\lumen-framework\\src\\Concerns\\RoutesRequests.php(428): Illuminate\\Pipeline\\Pipeline->then(Object(Closure))
#28 C:\\Users\\HP\\OneDrive\\Desktop\\Semester5Kay\\booking-service\\vendor\\laravel\\lumen-framework\\src\\Concerns\\RoutesRequests.php(167): Laravel\\Lumen\\Application->sendThroughPipeline(Array, Object(Closure))
#29 C:\\Users\\HP\\OneDrive\\Desktop\\Semester5Kay\\booking-service\\vendor\\laravel\\lumen-framework\\src\\Concerns\\RoutesRequests.php(112): Laravel\\Lumen\\Application->dispatch(NULL)
#30 C:\\Users\\HP\\OneDrive\\Desktop\\Semester5Kay\\booking-service\\public\\index.php(28): Laravel\\Lumen\\Application->run()
#31 {main}

[previous exception] [object] (PDOException(code: 7): SQLSTATE[08006] [7] could not translate host name \"db\" to address: Unknown host at C:\\Users\\HP\\OneDrive\\Desktop\\Semester5Kay\\booking-service\\vendor\\illuminate\\database\\Connectors\\Connector.php:65)
[stacktrace]
#0 C:\\Users\\HP\\OneDrive\\Desktop\\Semester5Kay\\booking-service\\vendor\\illuminate\\database\\Connectors\\Connector.php(65): PDO->__construct('pgsql:host=db;d...', 'hotel_user', Object(SensitiveParameterValue), Array)
#1 C:\\Users\\HP\\OneDrive\\Desktop\\Semester5Kay\\booking-service\\vendor\\illuminate\\database\\Connectors\\Connector.php(83): Illuminate\\Database\\Connectors\\Connector->createPdoConnection('pgsql:host=db;d...', 'hotel_user', 'secret', Array)
#2 C:\\Users\\HP\\OneDrive\\Desktop\\Semester5Kay\\booking-service\\vendor\\illuminate\\database\\Connectors\\Connector.php(48): Illuminate\\Database\\Connectors\\Connector->tryAgainIfCausedByLostConnection(Object(PDOException), 'pgsql:host=db;d...', 'hotel_user', 'secret', Array)
#3 C:\\Users\\HP\\OneDrive\\Desktop\\Semester5Kay\\booking-service\\vendor\\illuminate\\database\\Connectors\\PostgresConnector.php(35): Illuminate\\Database\\Connectors\\Connector->createConnection('pgsql:host=db;d...', Array, Array)
#4 C:\\Users\\HP\\OneDrive\\Desktop\\Semester5Kay\\booking-service\\vendor\\illuminate\\database\\Connectors\\ConnectionFactory.php(184): Illuminate\\Database\\Connectors\\PostgresConnector->connect(Array)
#5 [internal function]: Illuminate\\Database\\Connectors\\ConnectionFactory->Illuminate\\Database\\Connectors\\{closure}()
#6 C:\\Users\\HP\\OneDrive\\Desktop\\Semester5Kay\\booking-service\\vendor\\illuminate\\database\\Connection.php(1339): call_user_func(Object(Closure))
#7 C:\\Users\\HP\\OneDrive\\Desktop\\Semester5Kay\\booking-service\\vendor\\illuminate\\database\\Connection.php(1375): Illuminate\\Database\\Connection->getPdo()
#8 C:\\Users\\HP\\OneDrive\\Desktop\\Semester5Kay\\booking-service\\vendor\\illuminate\\database\\Connection.php(528): Illuminate\\Database\\Connection->getReadPdo()
#9 C:\\Users\\HP\\OneDrive\\Desktop\\Semester5Kay\\booking-service\\vendor\\illuminate\\database\\Connection.php(423): Illuminate\\Database\\Connection->getPdoForSelect(true)
#10 C:\\Users\\HP\\OneDrive\\Desktop\\Semester5Kay\\booking-service\\vendor\\illuminate\\database\\Connection.php(816): Illuminate\\Database\\Connection->Illuminate\\Database\\{closure}('select * from \"...', Array)
#11 C:\\Users\\HP\\OneDrive\\Desktop\\Semester5Kay\\booking-service\\vendor\\illuminate\\database\\Connection.php(983): Illuminate\\Database\\Connection->runQueryCallback('select * from \"...', Array, Object(Closure))
#12 C:\\Users\\HP\\OneDrive\\Desktop\\Semester5Kay\\booking-service\\vendor\\illuminate\\database\\Connection.php(962): Illuminate\\Database\\Connection->tryAgainIfCausedByLostConnection(Object(Illuminate\\Database\\QueryException), 'select * from \"...', Array, Object(Closure))
#13 C:\\Users\\HP\\OneDrive\\Desktop\\Semester5Kay\\booking-service\\vendor\\illuminate\\database\\Connection.php(785): Illuminate\\Database\\Connection->handleQueryException(Object(Illuminate\\Database\\QueryException), 'select * from \"...', Array, Object(Closure))
#14 C:\\Users\\HP\\OneDrive\\Desktop\\Semester5Kay\\booking-service\\vendor\\illuminate\\database\\Connection.php(414): Illuminate\\Database\\Connection->run('select * from \"...', Array, Object(Closure))
#15 C:\\Users\\HP\\OneDrive\\Desktop\\Semester5Kay\\booking-service\\vendor\\illuminate\\database\\Query\\Builder.php(2913): Illuminate\\Database\\Connection->select('select * from \"...', Array, true)
#16 C:\\Users\\HP\\OneDrive\\Desktop\\Semester5Kay\\booking-service\\vendor\\illuminate\\database\\Query\\Builder.php(2902): Illuminate\\Database\\Query\\Builder->runSelect()
#17 C:\\Users\\HP\\OneDrive\\Desktop\\Semester5Kay\\booking-service\\vendor\\illuminate\\database\\Query\\Builder.php(3456): Illuminate\\Database\\Query\\Builder->Illuminate\\Database\\Query\\{closure}()
#18 C:\\Users\\HP\\OneDrive\\Desktop\\Semester5Kay\\booking-service\\vendor\\illuminate\\database\\Query\\Builder.php(2901): Illuminate\\Database\\Query\\Builder->onceWithColumns(Array, Object(Closure))
#19 C:\\Users\\HP\\OneDrive\\Desktop\\Semester5Kay\\booking-service\\vendor\\illuminate\\database\\Eloquent\\Builder.php(739): Illuminate\\Database\\Query\\Builder->get(Array)
#20 C:\\Users\\HP\\OneDrive\\Desktop\\Semester5Kay\\booking-service\\vendor\\illuminate\\database\\Eloquent\\Builder.php(723): Illuminate\\Database\\Eloquent\\Builder->getModels(Array)
#21 C:\\Users\\HP\\OneDrive\\Desktop\\Semester5Kay\\booking-service\\app\\Http\\Controllers\\BookingController.php(14): Illuminate\\Database\\Eloquent\\Builder->get()
#22 C:\\Users\\HP\\OneDrive\\Desktop\\Semester5Kay\\booking-service\\vendor\\illuminate\\container\\BoundMethod.php(36): App\\Http\\Controllers\\BookingController->index()
#23 C:\\Users\\HP\\OneDrive\\Desktop\\Semester5Kay\\booking-service\\vendor\\illuminate\\container\\Util.php(41): Illuminate\\Container\\BoundMethod::Illuminate\\Container\\{closure}()
#24 C:\\Users\\HP\\OneDrive\\Desktop\\Semester5Kay\\booking-service\\vendor\\illuminate\\container\\BoundMethod.php(93): Illuminate\\Container\\Util::unwrapIfClosure(Object(Closure))
#25 C:\\Users\\HP\\OneDrive\\Desktop\\Semester5Kay\\booking-service\\vendor\\illuminate\\container\\BoundMethod.php(35): Illuminate\\Container\\BoundMethod::callBoundMethod(Object(Laravel\\Lumen\\Application), Array, Object(Closure))
#26 C:\\Users\\HP\\OneDrive\\Desktop\\Semester5Kay\\booking-service\\vendor\\illuminate\\container\\Container.php(662): Illuminate\\Container\\BoundMethod::call(Object(Laravel\\Lumen\\Application), Array, Array, NULL)
#27 C:\\Users\\HP\\OneDrive\\Desktop\\Semester5Kay\\booking-service\\vendor\\laravel\\lumen-framework\\src\\Concerns\\RoutesRequests.php(391): Illuminate\\Container\\Container->call(Array, Array)
#28 C:\\Users\\HP\\OneDrive\\Desktop\\Semester5Kay\\booking-service\\vendor\\laravel\\lumen-framework\\src\\Concerns\\RoutesRequests.php(356): Laravel\\Lumen\\Application->callControllerCallable(Array, Array)
#29 C:\\Users\\HP\\OneDrive\\Desktop\\Semester5Kay\\booking-service\\vendor\\laravel\\lumen-framework\\src\\Concerns\\RoutesRequests.php(331): Laravel\\Lumen\\Application->callLumenController(Object(App\\Http\\Controllers\\BookingController), 'index', Array)
#30 C:\\Users\\HP\\OneDrive\\Desktop\\Semester5Kay\\booking-service\\vendor\\laravel\\lumen-framework\\src\\Concerns\\RoutesRequests.php(284): Laravel\\Lumen\\Application->callControllerAction(Array)
#31 C:\\Users\\HP\\OneDrive\\Desktop\\Semester5Kay\\booking-service\\vendor\\laravel\\lumen-framework\\src\\Concerns\\RoutesRequests.php(269): Laravel\\Lumen\\Application->callActionOnArrayBasedRoute(Array)
#32 C:\\Users\\HP\\OneDrive\\Desktop\\Semester5Kay\\booking-service\\vendor\\laravel\\lumen-framework\\src\\Concerns\\RoutesRequests.php(171): Laravel\\Lumen\\Application->handleFoundRoute(Array)
#33 C:\\Users\\HP\\OneDrive\\Desktop\\Semester5Kay\\booking-service\\vendor\\laravel\\lumen-framework\\src\\Routing\\Pipeline.php(48): Laravel\\Lumen\\Application->Laravel\\Lumen\\Concerns\\{closure}(Object(Laravel\\Lumen\\Http\\Request))
#34 C:\\Users\\HP\\OneDrive\\Desktop\\Semester5Kay\\booking-service\\bootstrap\\app.php(39): Laravel\\Lumen\\Routing\\Pipeline->Laravel\\Lumen\\Routing\\{closure}(Object(Laravel\\Lumen\\Http\\Request))
#35 C:\\Users\\HP\\OneDrive\\Desktop\\Semester5Kay\\booking-service\\vendor\\illuminate\\pipeline\\Pipeline.php(165): {closure}(Object(Laravel\\Lumen\\Http\\Request), Object(Closure))
#36 C:\\Users\\HP\\OneDrive\\Desktop\\Semester5Kay\\booking-service\\vendor\\laravel\\lumen-framework\\src\\Routing\\Pipeline.php(30): Illuminate\\Pipeline\\Pipeline->Illuminate\\Pipeline\\{closure}(Object(Laravel\\Lumen\\Http\\Request))
#37 C:\\Users\\HP\\OneDrive\\Desktop\\Semester5Kay\\booking-service\\vendor\\illuminate\\pipeline\\Pipeline.php(119): Laravel\\Lumen\\Routing\\Pipeline->Laravel\\Lumen\\Routing\\{closure}(Object(Laravel\\Lumen\\Http\\Request))
#38 C:\\Users\\HP\\OneDrive\\Desktop\\Semester5Kay\\booking-service\\vendor\\laravel\\lumen-framework\\src\\Concerns\\RoutesRequests.php(428): Illuminate\\Pipeline\\Pipeline->then(Object(Closure))
#39 C:\\Users\\HP\\OneDrive\\Desktop\\Semester5Kay\\booking-service\\vendor\\laravel\\lumen-framework\\src\\Concerns\\RoutesRequests.php(167): Laravel\\Lumen\\Application->sendThroughPipeline(Array, Object(Closure))
#40 C:\\Users\\HP\\OneDrive\\Desktop\\Semester5Kay\\booking-service\\vendor\\laravel\\lumen-framework\\src\\Concerns\\RoutesRequests.php(112): Laravel\\Lumen\\Application->dispatch(NULL)
#41 C:\\Users\\HP\\OneDrive\\Desktop\\Semester5Kay\\booking-service\\public\\index.php(28): Laravel\\Lumen\\Application->run()
#42 {main}
"} 
[2025-06-11 01:50:01] local.ERROR: SQLSTATE[08006] [7] could not translate host name "db" to address: Unknown host (Connection: pgsql, SQL: select * from "bookings") {"exception":"[object] (Illuminate\\Database\\QueryException(code: 7): SQLSTATE[08006] [7] could not translate host name \"db\" to address: Unknown host (Connection: pgsql, SQL: select * from \"bookings\") at C:\\Users\\HP\\OneDrive\\Desktop\\Semester5Kay\\booking-service\\vendor\\illuminate\\database\\Connection.php:829)
[stacktrace]
#0 C:\\Users\\HP\\OneDrive\\Desktop\\Semester5Kay\\booking-service\\vendor\\illuminate\\database\\Connection.php(983): Illuminate\\Database\\Connection->runQueryCallback('select * from \"...', Array, Object(Closure))
#1 C:\\Users\\HP\\OneDrive\\Desktop\\Semester5Kay\\booking-service\\vendor\\illuminate\\database\\Connection.php(962): Illuminate\\Database\\Connection->tryAgainIfCausedByLostConnection(Object(Illuminate\\Database\\QueryException), 'select * from \"...', Array, Object(Closure))
#2 C:\\Users\\HP\\OneDrive\\Desktop\\Semester5Kay\\booking-service\\vendor\\illuminate\\database\\Connection.php(785): Illuminate\\Database\\Connection->handleQueryException(Object(Illuminate\\Database\\QueryException), 'select * from \"...', Array, Object(Closure))
#3 C:\\Users\\HP\\OneDrive\\Desktop\\Semester5Kay\\booking-service\\vendor\\illuminate\\database\\Connection.php(414): Illuminate\\Database\\Connection->run('select * from \"...', Array, Object(Closure))
#4 C:\\Users\\HP\\OneDrive\\Desktop\\Semester5Kay\\booking-service\\vendor\\illuminate\\database\\Query\\Builder.php(2913): Illuminate\\Database\\Connection->select('select * from \"...', Array, true)
#5 C:\\Users\\HP\\OneDrive\\Desktop\\Semester5Kay\\booking-service\\vendor\\illuminate\\database\\Query\\Builder.php(2902): Illuminate\\Database\\Query\\Builder->runSelect()
#6 C:\\Users\\HP\\OneDrive\\Desktop\\Semester5Kay\\booking-service\\vendor\\illuminate\\database\\Query\\Builder.php(3456): Illuminate\\Database\\Query\\Builder->Illuminate\\Database\\Query\\{closure}()
#7 C:\\Users\\HP\\OneDrive\\Desktop\\Semester5Kay\\booking-service\\vendor\\illuminate\\database\\Query\\Builder.php(2901): Illuminate\\Database\\Query\\Builder->onceWithColumns(Array, Object(Closure))
#8 C:\\Users\\HP\\OneDrive\\Desktop\\Semester5Kay\\booking-service\\vendor\\illuminate\\database\\Eloquent\\Builder.php(739): Illuminate\\Database\\Query\\Builder->get(Array)
#9 C:\\Users\\HP\\OneDrive\\Desktop\\Semester5Kay\\booking-service\\vendor\\illuminate\\database\\Eloquent\\Builder.php(723): Illuminate\\Database\\Eloquent\\Builder->getModels(Array)
#10 C:\\Users\\HP\\OneDrive\\Desktop\\Semester5Kay\\booking-service\\app\\Http\\Controllers\\BookingController.php(14): Illuminate\\Database\\Eloquent\\Builder->get()
#11 C:\\Users\\HP\\OneDrive\\Desktop\\Semester5Kay\\booking-service\\vendor\\illuminate\\container\\BoundMethod.php(36): App\\Http\\Controllers\\BookingController->index()
#12 C:\\Users\\HP\\OneDrive\\Desktop\\Semester5Kay\\booking-service\\vendor\\illuminate\\container\\Util.php(41): Illuminate\\Container\\BoundMethod::Illuminate\\Container\\{closure}()
#13 C:\\Users\\HP\\OneDrive\\Desktop\\Semester5Kay\\booking-service\\vendor\\illuminate\\container\\BoundMethod.php(93): Illuminate\\Container\\Util::unwrapIfClosure(Object(Closure))
#14 C:\\Users\\HP\\OneDrive\\Desktop\\Semester5Kay\\booking-service\\vendor\\illuminate\\container\\BoundMethod.php(35): Illuminate\\Container\\BoundMethod::callBoundMethod(Object(Laravel\\Lumen\\Application), Array, Object(Closure))
#15 C:\\Users\\HP\\OneDrive\\Desktop\\Semester5Kay\\booking-service\\vendor\\illuminate\\container\\Container.php(662): Illuminate\\Container\\BoundMethod::call(Object(Laravel\\Lumen\\Application), Array, Array, NULL)
#16 C:\\Users\\HP\\OneDrive\\Desktop\\Semester5Kay\\booking-service\\vendor\\laravel\\lumen-framework\\src\\Concerns\\RoutesRequests.php(391): Illuminate\\Container\\Container->call(Array, Array)
#17 C:\\Users\\HP\\OneDrive\\Desktop\\Semester5Kay\\booking-service\\vendor\\laravel\\lumen-framework\\src\\Concerns\\RoutesRequests.php(356): Laravel\\Lumen\\Application->callControllerCallable(Array, Array)
#18 C:\\Users\\HP\\OneDrive\\Desktop\\Semester5Kay\\booking-service\\vendor\\laravel\\lumen-framework\\src\\Concerns\\RoutesRequests.php(331): Laravel\\Lumen\\Application->callLumenController(Object(App\\Http\\Controllers\\BookingController), 'index', Array)
#19 C:\\Users\\HP\\OneDrive\\Desktop\\Semester5Kay\\booking-service\\vendor\\laravel\\lumen-framework\\src\\Concerns\\RoutesRequests.php(284): Laravel\\Lumen\\Application->callControllerAction(Array)
#20 C:\\Users\\HP\\OneDrive\\Desktop\\Semester5Kay\\booking-service\\vendor\\laravel\\lumen-framework\\src\\Concerns\\RoutesRequests.php(269): Laravel\\Lumen\\Application->callActionOnArrayBasedRoute(Array)
#21 C:\\Users\\HP\\OneDrive\\Desktop\\Semester5Kay\\booking-service\\vendor\\laravel\\lumen-framework\\src\\Concerns\\RoutesRequests.php(171): Laravel\\Lumen\\Application->handleFoundRoute(Array)
#22 C:\\Users\\HP\\OneDrive\\Desktop\\Semester5Kay\\booking-service\\vendor\\laravel\\lumen-framework\\src\\Routing\\Pipeline.php(48): Laravel\\Lumen\\Application->Laravel\\Lumen\\Concerns\\{closure}(Object(Laravel\\Lumen\\Http\\Request))
#23 C:\\Users\\HP\\OneDrive\\Desktop\\Semester5Kay\\booking-service\\bootstrap\\app.php(39): Laravel\\Lumen\\Routing\\Pipeline->Laravel\\Lumen\\Routing\\{closure}(Object(Laravel\\Lumen\\Http\\Request))
#24 C:\\Users\\HP\\OneDrive\\Desktop\\Semester5Kay\\booking-service\\vendor\\illuminate\\pipeline\\Pipeline.php(165): {closure}(Object(Laravel\\Lumen\\Http\\Request), Object(Closure))
#25 C:\\Users\\HP\\OneDrive\\Desktop\\Semester5Kay\\booking-service\\vendor\\laravel\\lumen-framework\\src\\Routing\\Pipeline.php(30): Illuminate\\Pipeline\\Pipeline->Illuminate\\Pipeline\\{closure}(Object(Laravel\\Lumen\\Http\\Request))
#26 C:\\Users\\HP\\OneDrive\\Desktop\\Semester5Kay\\booking-service\\vendor\\illuminate\\pipeline\\Pipeline.php(119): Laravel\\Lumen\\Routing\\Pipeline->Laravel\\Lumen\\Routing\\{closure}(Object(Laravel\\Lumen\\Http\\Request))
#27 C:\\Users\\HP\\OneDrive\\Desktop\\Semester5Kay\\booking-service\\vendor\\laravel\\lumen-framework\\src\\Concerns\\RoutesRequests.php(428): Illuminate\\Pipeline\\Pipeline->then(Object(Closure))
#28 C:\\Users\\HP\\OneDrive\\Desktop\\Semester5Kay\\booking-service\\vendor\\laravel\\lumen-framework\\src\\Concerns\\RoutesRequests.php(167): Laravel\\Lumen\\Application->sendThroughPipeline(Array, Object(Closure))
#29 C:\\Users\\HP\\OneDrive\\Desktop\\Semester5Kay\\booking-service\\vendor\\laravel\\lumen-framework\\src\\Concerns\\RoutesRequests.php(112): Laravel\\Lumen\\Application->dispatch(NULL)
#30 C:\\Users\\HP\\OneDrive\\Desktop\\Semester5Kay\\booking-service\\public\\index.php(28): Laravel\\Lumen\\Application->run()
#31 {main}

[previous exception] [object] (PDOException(code: 7): SQLSTATE[08006] [7] could not translate host name \"db\" to address: Unknown host at C:\\Users\\HP\\OneDrive\\Desktop\\Semester5Kay\\booking-service\\vendor\\illuminate\\database\\Connectors\\Connector.php:65)
[stacktrace]
#0 C:\\Users\\HP\\OneDrive\\Desktop\\Semester5Kay\\booking-service\\vendor\\illuminate\\database\\Connectors\\Connector.php(65): PDO->__construct('pgsql:host=db;d...', 'hotel_user', Object(SensitiveParameterValue), Array)
#1 C:\\Users\\HP\\OneDrive\\Desktop\\Semester5Kay\\booking-service\\vendor\\illuminate\\database\\Connectors\\Connector.php(83): Illuminate\\Database\\Connectors\\Connector->createPdoConnection('pgsql:host=db;d...', 'hotel_user', 'secret', Array)
#2 C:\\Users\\HP\\OneDrive\\Desktop\\Semester5Kay\\booking-service\\vendor\\illuminate\\database\\Connectors\\Connector.php(48): Illuminate\\Database\\Connectors\\Connector->tryAgainIfCausedByLostConnection(Object(PDOException), 'pgsql:host=db;d...', 'hotel_user', 'secret', Array)
#3 C:\\Users\\HP\\OneDrive\\Desktop\\Semester5Kay\\booking-service\\vendor\\illuminate\\database\\Connectors\\PostgresConnector.php(35): Illuminate\\Database\\Connectors\\Connector->createConnection('pgsql:host=db;d...', Array, Array)
#4 C:\\Users\\HP\\OneDrive\\Desktop\\Semester5Kay\\booking-service\\vendor\\illuminate\\database\\Connectors\\ConnectionFactory.php(184): Illuminate\\Database\\Connectors\\PostgresConnector->connect(Array)
#5 [internal function]: Illuminate\\Database\\Connectors\\ConnectionFactory->Illuminate\\Database\\Connectors\\{closure}()
#6 C:\\Users\\HP\\OneDrive\\Desktop\\Semester5Kay\\booking-service\\vendor\\illuminate\\database\\Connection.php(1339): call_user_func(Object(Closure))
#7 C:\\Users\\HP\\OneDrive\\Desktop\\Semester5Kay\\booking-service\\vendor\\illuminate\\database\\Connection.php(1375): Illuminate\\Database\\Connection->getPdo()
#8 C:\\Users\\HP\\OneDrive\\Desktop\\Semester5Kay\\booking-service\\vendor\\illuminate\\database\\Connection.php(528): Illuminate\\Database\\Connection->getReadPdo()
#9 C:\\Users\\HP\\OneDrive\\Desktop\\Semester5Kay\\booking-service\\vendor\\illuminate\\database\\Connection.php(423): Illuminate\\Database\\Connection->getPdoForSelect(true)
#10 C:\\Users\\HP\\OneDrive\\Desktop\\Semester5Kay\\booking-service\\vendor\\illuminate\\database\\Connection.php(816): Illuminate\\Database\\Connection->Illuminate\\Database\\{closure}('select * from \"...', Array)
#11 C:\\Users\\HP\\OneDrive\\Desktop\\Semester5Kay\\booking-service\\vendor\\illuminate\\database\\Connection.php(983): Illuminate\\Database\\Connection->runQueryCallback('select * from \"...', Array, Object(Closure))
#12 C:\\Users\\HP\\OneDrive\\Desktop\\Semester5Kay\\booking-service\\vendor\\illuminate\\database\\Connection.php(962): Illuminate\\Database\\Connection->tryAgainIfCausedByLostConnection(Object(Illuminate\\Database\\QueryException), 'select * from \"...', Array, Object(Closure))
#13 C:\\Users\\HP\\OneDrive\\Desktop\\Semester5Kay\\booking-service\\vendor\\illuminate\\database\\Connection.php(785): Illuminate\\Database\\Connection->handleQueryException(Object(Illuminate\\Database\\QueryException), 'select * from \"...', Array, Object(Closure))
#14 C:\\Users\\HP\\OneDrive\\Desktop\\Semester5Kay\\booking-service\\vendor\\illuminate\\database\\Connection.php(414): Illuminate\\Database\\Connection->run('select * from \"...', Array, Object(Closure))
#15 C:\\Users\\HP\\OneDrive\\Desktop\\Semester5Kay\\booking-service\\vendor\\illuminate\\database\\Query\\Builder.php(2913): Illuminate\\Database\\Connection->select('select * from \"...', Array, true)
#16 C:\\Users\\HP\\OneDrive\\Desktop\\Semester5Kay\\booking-service\\vendor\\illuminate\\database\\Query\\Builder.php(2902): Illuminate\\Database\\Query\\Builder->runSelect()
#17 C:\\Users\\HP\\OneDrive\\Desktop\\Semester5Kay\\booking-service\\vendor\\illuminate\\database\\Query\\Builder.php(3456): Illuminate\\Database\\Query\\Builder->Illuminate\\Database\\Query\\{closure}()
#18 C:\\Users\\HP\\OneDrive\\Desktop\\Semester5Kay\\booking-service\\vendor\\illuminate\\database\\Query\\Builder.php(2901): Illuminate\\Database\\Query\\Builder->onceWithColumns(Array, Object(Closure))
#19 C:\\Users\\HP\\OneDrive\\Desktop\\Semester5Kay\\booking-service\\vendor\\illuminate\\database\\Eloquent\\Builder.php(739): Illuminate\\Database\\Query\\Builder->get(Array)
#20 C:\\Users\\HP\\OneDrive\\Desktop\\Semester5Kay\\booking-service\\vendor\\illuminate\\database\\Eloquent\\Builder.php(723): Illuminate\\Database\\Eloquent\\Builder->getModels(Array)
#21 C:\\Users\\HP\\OneDrive\\Desktop\\Semester5Kay\\booking-service\\app\\Http\\Controllers\\BookingController.php(14): Illuminate\\Database\\Eloquent\\Builder->get()
#22 C:\\Users\\HP\\OneDrive\\Desktop\\Semester5Kay\\booking-service\\vendor\\illuminate\\container\\BoundMethod.php(36): App\\Http\\Controllers\\BookingController->index()
#23 C:\\Users\\HP\\OneDrive\\Desktop\\Semester5Kay\\booking-service\\vendor\\illuminate\\container\\Util.php(41): Illuminate\\Container\\BoundMethod::Illuminate\\Container\\{closure}()
#24 C:\\Users\\HP\\OneDrive\\Desktop\\Semester5Kay\\booking-service\\vendor\\illuminate\\container\\BoundMethod.php(93): Illuminate\\Container\\Util::unwrapIfClosure(Object(Closure))
#25 C:\\Users\\HP\\OneDrive\\Desktop\\Semester5Kay\\booking-service\\vendor\\illuminate\\container\\BoundMethod.php(35): Illuminate\\Container\\BoundMethod::callBoundMethod(Object(Laravel\\Lumen\\Application), Array, Object(Closure))
#26 C:\\Users\\HP\\OneDrive\\Desktop\\Semester5Kay\\booking-service\\vendor\\illuminate\\container\\Container.php(662): Illuminate\\Container\\BoundMethod::call(Object(Laravel\\Lumen\\Application), Array, Array, NULL)
#27 C:\\Users\\HP\\OneDrive\\Desktop\\Semester5Kay\\booking-service\\vendor\\laravel\\lumen-framework\\src\\Concerns\\RoutesRequests.php(391): Illuminate\\Container\\Container->call(Array, Array)
#28 C:\\Users\\HP\\OneDrive\\Desktop\\Semester5Kay\\booking-service\\vendor\\laravel\\lumen-framework\\src\\Concerns\\RoutesRequests.php(356): Laravel\\Lumen\\Application->callControllerCallable(Array, Array)
#29 C:\\Users\\HP\\OneDrive\\Desktop\\Semester5Kay\\booking-service\\vendor\\laravel\\lumen-framework\\src\\Concerns\\RoutesRequests.php(331): Laravel\\Lumen\\Application->callLumenController(Object(App\\Http\\Controllers\\BookingController), 'index', Array)
#30 C:\\Users\\HP\\OneDrive\\Desktop\\Semester5Kay\\booking-service\\vendor\\laravel\\lumen-framework\\src\\Concerns\\RoutesRequests.php(284): Laravel\\Lumen\\Application->callControllerAction(Array)
#31 C:\\Users\\HP\\OneDrive\\Desktop\\Semester5Kay\\booking-service\\vendor\\laravel\\lumen-framework\\src\\Concerns\\RoutesRequests.php(269): Laravel\\Lumen\\Application->callActionOnArrayBasedRoute(Array)
#32 C:\\Users\\HP\\OneDrive\\Desktop\\Semester5Kay\\booking-service\\vendor\\laravel\\lumen-framework\\src\\Concerns\\RoutesRequests.php(171): Laravel\\Lumen\\Application->handleFoundRoute(Array)
#33 C:\\Users\\HP\\OneDrive\\Desktop\\Semester5Kay\\booking-service\\vendor\\laravel\\lumen-framework\\src\\Routing\\Pipeline.php(48): Laravel\\Lumen\\Application->Laravel\\Lumen\\Concerns\\{closure}(Object(Laravel\\Lumen\\Http\\Request))
#34 C:\\Users\\HP\\OneDrive\\Desktop\\Semester5Kay\\booking-service\\bootstrap\\app.php(39): Laravel\\Lumen\\Routing\\Pipeline->Laravel\\Lumen\\Routing\\{closure}(Object(Laravel\\Lumen\\Http\\Request))
#35 C:\\Users\\HP\\OneDrive\\Desktop\\Semester5Kay\\booking-service\\vendor\\illuminate\\pipeline\\Pipeline.php(165): {closure}(Object(Laravel\\Lumen\\Http\\Request), Object(Closure))
#36 C:\\Users\\HP\\OneDrive\\Desktop\\Semester5Kay\\booking-service\\vendor\\laravel\\lumen-framework\\src\\Routing\\Pipeline.php(30): Illuminate\\Pipeline\\Pipeline->Illuminate\\Pipeline\\{closure}(Object(Laravel\\Lumen\\Http\\Request))
#37 C:\\Users\\HP\\OneDrive\\Desktop\\Semester5Kay\\booking-service\\vendor\\illuminate\\pipeline\\Pipeline.php(119): Laravel\\Lumen\\Routing\\Pipeline->Laravel\\Lumen\\Routing\\{closure}(Object(Laravel\\Lumen\\Http\\Request))
#38 C:\\Users\\HP\\OneDrive\\Desktop\\Semester5Kay\\booking-service\\vendor\\laravel\\lumen-framework\\src\\Concerns\\RoutesRequests.php(428): Illuminate\\Pipeline\\Pipeline->then(Object(Closure))
#39 C:\\Users\\HP\\OneDrive\\Desktop\\Semester5Kay\\booking-service\\vendor\\laravel\\lumen-framework\\src\\Concerns\\RoutesRequests.php(167): Laravel\\Lumen\\Application->sendThroughPipeline(Array, Object(Closure))
#40 C:\\Users\\HP\\OneDrive\\Desktop\\Semester5Kay\\booking-service\\vendor\\laravel\\lumen-framework\\src\\Concerns\\RoutesRequests.php(112): Laravel\\Lumen\\Application->dispatch(NULL)
#41 C:\\Users\\HP\\OneDrive\\Desktop\\Semester5Kay\\booking-service\\public\\index.php(28): Laravel\\Lumen\\Application->run()
#42 {main}
"} 
[2025-06-11 01:55:22] local.ERROR: SQLSTATE[08006] [7] could not translate host name "db" to address: Unknown host (Connection: pgsql, SQL: select * from "bookings") {"exception":"[object] (Illuminate\\Database\\QueryException(code: 7): SQLSTATE[08006] [7] could not translate host name \"db\" to address: Unknown host (Connection: pgsql, SQL: select * from \"bookings\") at C:\\Users\\HP\\OneDrive\\Desktop\\Semester5Kay\\booking-service\\vendor\\illuminate\\database\\Connection.php:829)
[stacktrace]
#0 C:\\Users\\HP\\OneDrive\\Desktop\\Semester5Kay\\booking-service\\vendor\\illuminate\\database\\Connection.php(983): Illuminate\\Database\\Connection->runQueryCallback('select * from \"...', Array, Object(Closure))
#1 C:\\Users\\HP\\OneDrive\\Desktop\\Semester5Kay\\booking-service\\vendor\\illuminate\\database\\Connection.php(962): Illuminate\\Database\\Connection->tryAgainIfCausedByLostConnection(Object(Illuminate\\Database\\QueryException), 'select * from \"...', Array, Object(Closure))
#2 C:\\Users\\HP\\OneDrive\\Desktop\\Semester5Kay\\booking-service\\vendor\\illuminate\\database\\Connection.php(785): Illuminate\\Database\\Connection->handleQueryException(Object(Illuminate\\Database\\QueryException), 'select * from \"...', Array, Object(Closure))
#3 C:\\Users\\HP\\OneDrive\\Desktop\\Semester5Kay\\booking-service\\vendor\\illuminate\\database\\Connection.php(414): Illuminate\\Database\\Connection->run('select * from \"...', Array, Object(Closure))
#4 C:\\Users\\HP\\OneDrive\\Desktop\\Semester5Kay\\booking-service\\vendor\\illuminate\\database\\Query\\Builder.php(2913): Illuminate\\Database\\Connection->select('select * from \"...', Array, true)
#5 C:\\Users\\HP\\OneDrive\\Desktop\\Semester5Kay\\booking-service\\vendor\\illuminate\\database\\Query\\Builder.php(2902): Illuminate\\Database\\Query\\Builder->runSelect()
#6 C:\\Users\\HP\\OneDrive\\Desktop\\Semester5Kay\\booking-service\\vendor\\illuminate\\database\\Query\\Builder.php(3456): Illuminate\\Database\\Query\\Builder->Illuminate\\Database\\Query\\{closure}()
#7 C:\\Users\\HP\\OneDrive\\Desktop\\Semester5Kay\\booking-service\\vendor\\illuminate\\database\\Query\\Builder.php(2901): Illuminate\\Database\\Query\\Builder->onceWithColumns(Array, Object(Closure))
#8 C:\\Users\\HP\\OneDrive\\Desktop\\Semester5Kay\\booking-service\\vendor\\illuminate\\database\\Eloquent\\Builder.php(739): Illuminate\\Database\\Query\\Builder->get(Array)
#9 C:\\Users\\HP\\OneDrive\\Desktop\\Semester5Kay\\booking-service\\vendor\\illuminate\\database\\Eloquent\\Builder.php(723): Illuminate\\Database\\Eloquent\\Builder->getModels(Array)
#10 C:\\Users\\HP\\OneDrive\\Desktop\\Semester5Kay\\booking-service\\app\\Http\\Controllers\\BookingController.php(14): Illuminate\\Database\\Eloquent\\Builder->get()
#11 C:\\Users\\HP\\OneDrive\\Desktop\\Semester5Kay\\booking-service\\vendor\\illuminate\\container\\BoundMethod.php(36): App\\Http\\Controllers\\BookingController->index()
#12 C:\\Users\\HP\\OneDrive\\Desktop\\Semester5Kay\\booking-service\\vendor\\illuminate\\container\\Util.php(41): Illuminate\\Container\\BoundMethod::Illuminate\\Container\\{closure}()
#13 C:\\Users\\HP\\OneDrive\\Desktop\\Semester5Kay\\booking-service\\vendor\\illuminate\\container\\BoundMethod.php(93): Illuminate\\Container\\Util::unwrapIfClosure(Object(Closure))
#14 C:\\Users\\HP\\OneDrive\\Desktop\\Semester5Kay\\booking-service\\vendor\\illuminate\\container\\BoundMethod.php(35): Illuminate\\Container\\BoundMethod::callBoundMethod(Object(Laravel\\Lumen\\Application), Array, Object(Closure))
#15 C:\\Users\\HP\\OneDrive\\Desktop\\Semester5Kay\\booking-service\\vendor\\illuminate\\container\\Container.php(662): Illuminate\\Container\\BoundMethod::call(Object(Laravel\\Lumen\\Application), Array, Array, NULL)
#16 C:\\Users\\HP\\OneDrive\\Desktop\\Semester5Kay\\booking-service\\vendor\\laravel\\lumen-framework\\src\\Concerns\\RoutesRequests.php(391): Illuminate\\Container\\Container->call(Array, Array)
#17 C:\\Users\\HP\\OneDrive\\Desktop\\Semester5Kay\\booking-service\\vendor\\laravel\\lumen-framework\\src\\Concerns\\RoutesRequests.php(356): Laravel\\Lumen\\Application->callControllerCallable(Array, Array)
#18 C:\\Users\\HP\\OneDrive\\Desktop\\Semester5Kay\\booking-service\\vendor\\laravel\\lumen-framework\\src\\Concerns\\RoutesRequests.php(331): Laravel\\Lumen\\Application->callLumenController(Object(App\\Http\\Controllers\\BookingController), 'index', Array)
#19 C:\\Users\\HP\\OneDrive\\Desktop\\Semester5Kay\\booking-service\\vendor\\laravel\\lumen-framework\\src\\Concerns\\RoutesRequests.php(284): Laravel\\Lumen\\Application->callControllerAction(Array)
#20 C:\\Users\\HP\\OneDrive\\Desktop\\Semester5Kay\\booking-service\\vendor\\laravel\\lumen-framework\\src\\Concerns\\RoutesRequests.php(269): Laravel\\Lumen\\Application->callActionOnArrayBasedRoute(Array)
#21 C:\\Users\\HP\\OneDrive\\Desktop\\Semester5Kay\\booking-service\\vendor\\laravel\\lumen-framework\\src\\Concerns\\RoutesRequests.php(171): Laravel\\Lumen\\Application->handleFoundRoute(Array)
#22 C:\\Users\\HP\\OneDrive\\Desktop\\Semester5Kay\\booking-service\\vendor\\laravel\\lumen-framework\\src\\Routing\\Pipeline.php(48): Laravel\\Lumen\\Application->Laravel\\Lumen\\Concerns\\{closure}(Object(Laravel\\Lumen\\Http\\Request))
#23 C:\\Users\\HP\\OneDrive\\Desktop\\Semester5Kay\\booking-service\\bootstrap\\app.php(39): Laravel\\Lumen\\Routing\\Pipeline->Laravel\\Lumen\\Routing\\{closure}(Object(Laravel\\Lumen\\Http\\Request))
#24 C:\\Users\\HP\\OneDrive\\Desktop\\Semester5Kay\\booking-service\\vendor\\illuminate\\pipeline\\Pipeline.php(165): {closure}(Object(Laravel\\Lumen\\Http\\Request), Object(Closure))
#25 C:\\Users\\HP\\OneDrive\\Desktop\\Semester5Kay\\booking-service\\vendor\\laravel\\lumen-framework\\src\\Routing\\Pipeline.php(30): Illuminate\\Pipeline\\Pipeline->Illuminate\\Pipeline\\{closure}(Object(Laravel\\Lumen\\Http\\Request))
#26 C:\\Users\\HP\\OneDrive\\Desktop\\Semester5Kay\\booking-service\\vendor\\illuminate\\pipeline\\Pipeline.php(119): Laravel\\Lumen\\Routing\\Pipeline->Laravel\\Lumen\\Routing\\{closure}(Object(Laravel\\Lumen\\Http\\Request))
#27 C:\\Users\\HP\\OneDrive\\Desktop\\Semester5Kay\\booking-service\\vendor\\laravel\\lumen-framework\\src\\Concerns\\RoutesRequests.php(428): Illuminate\\Pipeline\\Pipeline->then(Object(Closure))
#28 C:\\Users\\HP\\OneDrive\\Desktop\\Semester5Kay\\booking-service\\vendor\\laravel\\lumen-framework\\src\\Concerns\\RoutesRequests.php(167): Laravel\\Lumen\\Application->sendThroughPipeline(Array, Object(Closure))
#29 C:\\Users\\HP\\OneDrive\\Desktop\\Semester5Kay\\booking-service\\vendor\\laravel\\lumen-framework\\src\\Concerns\\RoutesRequests.php(112): Laravel\\Lumen\\Application->dispatch(NULL)
#30 C:\\Users\\HP\\OneDrive\\Desktop\\Semester5Kay\\booking-service\\public\\index.php(28): Laravel\\Lumen\\Application->run()
#31 {main}

[previous exception] [object] (PDOException(code: 7): SQLSTATE[08006] [7] could not translate host name \"db\" to address: Unknown host at C:\\Users\\HP\\OneDrive\\Desktop\\Semester5Kay\\booking-service\\vendor\\illuminate\\database\\Connectors\\Connector.php:65)
[stacktrace]
#0 C:\\Users\\HP\\OneDrive\\Desktop\\Semester5Kay\\booking-service\\vendor\\illuminate\\database\\Connectors\\Connector.php(65): PDO->__construct('pgsql:host=db;d...', 'hotel_user', Object(SensitiveParameterValue), Array)
#1 C:\\Users\\HP\\OneDrive\\Desktop\\Semester5Kay\\booking-service\\vendor\\illuminate\\database\\Connectors\\Connector.php(83): Illuminate\\Database\\Connectors\\Connector->createPdoConnection('pgsql:host=db;d...', 'hotel_user', 'secret', Array)
#2 C:\\Users\\HP\\OneDrive\\Desktop\\Semester5Kay\\booking-service\\vendor\\illuminate\\database\\Connectors\\Connector.php(48): Illuminate\\Database\\Connectors\\Connector->tryAgainIfCausedByLostConnection(Object(PDOException), 'pgsql:host=db;d...', 'hotel_user', 'secret', Array)
#3 C:\\Users\\HP\\OneDrive\\Desktop\\Semester5Kay\\booking-service\\vendor\\illuminate\\database\\Connectors\\PostgresConnector.php(35): Illuminate\\Database\\Connectors\\Connector->createConnection('pgsql:host=db;d...', Array, Array)
#4 C:\\Users\\HP\\OneDrive\\Desktop\\Semester5Kay\\booking-service\\vendor\\illuminate\\database\\Connectors\\ConnectionFactory.php(184): Illuminate\\Database\\Connectors\\PostgresConnector->connect(Array)
#5 [internal function]: Illuminate\\Database\\Connectors\\ConnectionFactory->Illuminate\\Database\\Connectors\\{closure}()
#6 C:\\Users\\HP\\OneDrive\\Desktop\\Semester5Kay\\booking-service\\vendor\\illuminate\\database\\Connection.php(1339): call_user_func(Object(Closure))
#7 C:\\Users\\HP\\OneDrive\\Desktop\\Semester5Kay\\booking-service\\vendor\\illuminate\\database\\Connection.php(1375): Illuminate\\Database\\Connection->getPdo()
#8 C:\\Users\\HP\\OneDrive\\Desktop\\Semester5Kay\\booking-service\\vendor\\illuminate\\database\\Connection.php(528): Illuminate\\Database\\Connection->getReadPdo()
#9 C:\\Users\\HP\\OneDrive\\Desktop\\Semester5Kay\\booking-service\\vendor\\illuminate\\database\\Connection.php(423): Illuminate\\Database\\Connection->getPdoForSelect(true)
#10 C:\\Users\\HP\\OneDrive\\Desktop\\Semester5Kay\\booking-service\\vendor\\illuminate\\database\\Connection.php(816): Illuminate\\Database\\Connection->Illuminate\\Database\\{closure}('select * from \"...', Array)
#11 C:\\Users\\HP\\OneDrive\\Desktop\\Semester5Kay\\booking-service\\vendor\\illuminate\\database\\Connection.php(983): Illuminate\\Database\\Connection->runQueryCallback('select * from \"...', Array, Object(Closure))
#12 C:\\Users\\HP\\OneDrive\\Desktop\\Semester5Kay\\booking-service\\vendor\\illuminate\\database\\Connection.php(962): Illuminate\\Database\\Connection->tryAgainIfCausedByLostConnection(Object(Illuminate\\Database\\QueryException), 'select * from \"...', Array, Object(Closure))
#13 C:\\Users\\HP\\OneDrive\\Desktop\\Semester5Kay\\booking-service\\vendor\\illuminate\\database\\Connection.php(785): Illuminate\\Database\\Connection->handleQueryException(Object(Illuminate\\Database\\QueryException), 'select * from \"...', Array, Object(Closure))
#14 C:\\Users\\HP\\OneDrive\\Desktop\\Semester5Kay\\booking-service\\vendor\\illuminate\\database\\Connection.php(414): Illuminate\\Database\\Connection->run('select * from \"...', Array, Object(Closure))
#15 C:\\Users\\HP\\OneDrive\\Desktop\\Semester5Kay\\booking-service\\vendor\\illuminate\\database\\Query\\Builder.php(2913): Illuminate\\Database\\Connection->select('select * from \"...', Array, true)
#16 C:\\Users\\HP\\OneDrive\\Desktop\\Semester5Kay\\booking-service\\vendor\\illuminate\\database\\Query\\Builder.php(2902): Illuminate\\Database\\Query\\Builder->runSelect()
#17 C:\\Users\\HP\\OneDrive\\Desktop\\Semester5Kay\\booking-service\\vendor\\illuminate\\database\\Query\\Builder.php(3456): Illuminate\\Database\\Query\\Builder->Illuminate\\Database\\Query\\{closure}()
#18 C:\\Users\\HP\\OneDrive\\Desktop\\Semester5Kay\\booking-service\\vendor\\illuminate\\database\\Query\\Builder.php(2901): Illuminate\\Database\\Query\\Builder->onceWithColumns(Array, Object(Closure))
#19 C:\\Users\\HP\\OneDrive\\Desktop\\Semester5Kay\\booking-service\\vendor\\illuminate\\database\\Eloquent\\Builder.php(739): Illuminate\\Database\\Query\\Builder->get(Array)
#20 C:\\Users\\HP\\OneDrive\\Desktop\\Semester5Kay\\booking-service\\vendor\\illuminate\\database\\Eloquent\\Builder.php(723): Illuminate\\Database\\Eloquent\\Builder->getModels(Array)
#21 C:\\Users\\HP\\OneDrive\\Desktop\\Semester5Kay\\booking-service\\app\\Http\\Controllers\\BookingController.php(14): Illuminate\\Database\\Eloquent\\Builder->get()
#22 C:\\Users\\HP\\OneDrive\\Desktop\\Semester5Kay\\booking-service\\vendor\\illuminate\\container\\BoundMethod.php(36): App\\Http\\Controllers\\BookingController->index()
#23 C:\\Users\\HP\\OneDrive\\Desktop\\Semester5Kay\\booking-service\\vendor\\illuminate\\container\\Util.php(41): Illuminate\\Container\\BoundMethod::Illuminate\\Container\\{closure}()
#24 C:\\Users\\HP\\OneDrive\\Desktop\\Semester5Kay\\booking-service\\vendor\\illuminate\\container\\BoundMethod.php(93): Illuminate\\Container\\Util::unwrapIfClosure(Object(Closure))
#25 C:\\Users\\HP\\OneDrive\\Desktop\\Semester5Kay\\booking-service\\vendor\\illuminate\\container\\BoundMethod.php(35): Illuminate\\Container\\BoundMethod::callBoundMethod(Object(Laravel\\Lumen\\Application), Array, Object(Closure))
#26 C:\\Users\\HP\\OneDrive\\Desktop\\Semester5Kay\\booking-service\\vendor\\illuminate\\container\\Container.php(662): Illuminate\\Container\\BoundMethod::call(Object(Laravel\\Lumen\\Application), Array, Array, NULL)
#27 C:\\Users\\HP\\OneDrive\\Desktop\\Semester5Kay\\booking-service\\vendor\\laravel\\lumen-framework\\src\\Concerns\\RoutesRequests.php(391): Illuminate\\Container\\Container->call(Array, Array)
#28 C:\\Users\\HP\\OneDrive\\Desktop\\Semester5Kay\\booking-service\\vendor\\laravel\\lumen-framework\\src\\Concerns\\RoutesRequests.php(356): Laravel\\Lumen\\Application->callControllerCallable(Array, Array)
#29 C:\\Users\\HP\\OneDrive\\Desktop\\Semester5Kay\\booking-service\\vendor\\laravel\\lumen-framework\\src\\Concerns\\RoutesRequests.php(331): Laravel\\Lumen\\Application->callLumenController(Object(App\\Http\\Controllers\\BookingController), 'index', Array)
#30 C:\\Users\\HP\\OneDrive\\Desktop\\Semester5Kay\\booking-service\\vendor\\laravel\\lumen-framework\\src\\Concerns\\RoutesRequests.php(284): Laravel\\Lumen\\Application->callControllerAction(Array)
#31 C:\\Users\\HP\\OneDrive\\Desktop\\Semester5Kay\\booking-service\\vendor\\laravel\\lumen-framework\\src\\Concerns\\RoutesRequests.php(269): Laravel\\Lumen\\Application->callActionOnArrayBasedRoute(Array)
#32 C:\\Users\\HP\\OneDrive\\Desktop\\Semester5Kay\\booking-service\\vendor\\laravel\\lumen-framework\\src\\Concerns\\RoutesRequests.php(171): Laravel\\Lumen\\Application->handleFoundRoute(Array)
#33 C:\\Users\\HP\\OneDrive\\Desktop\\Semester5Kay\\booking-service\\vendor\\laravel\\lumen-framework\\src\\Routing\\Pipeline.php(48): Laravel\\Lumen\\Application->Laravel\\Lumen\\Concerns\\{closure}(Object(Laravel\\Lumen\\Http\\Request))
#34 C:\\Users\\HP\\OneDrive\\Desktop\\Semester5Kay\\booking-service\\bootstrap\\app.php(39): Laravel\\Lumen\\Routing\\Pipeline->Laravel\\Lumen\\Routing\\{closure}(Object(Laravel\\Lumen\\Http\\Request))
#35 C:\\Users\\HP\\OneDrive\\Desktop\\Semester5Kay\\booking-service\\vendor\\illuminate\\pipeline\\Pipeline.php(165): {closure}(Object(Laravel\\Lumen\\Http\\Request), Object(Closure))
#36 C:\\Users\\HP\\OneDrive\\Desktop\\Semester5Kay\\booking-service\\vendor\\laravel\\lumen-framework\\src\\Routing\\Pipeline.php(30): Illuminate\\Pipeline\\Pipeline->Illuminate\\Pipeline\\{closure}(Object(Laravel\\Lumen\\Http\\Request))
#37 C:\\Users\\HP\\OneDrive\\Desktop\\Semester5Kay\\booking-service\\vendor\\illuminate\\pipeline\\Pipeline.php(119): Laravel\\Lumen\\Routing\\Pipeline->Laravel\\Lumen\\Routing\\{closure}(Object(Laravel\\Lumen\\Http\\Request))
#38 C:\\Users\\HP\\OneDrive\\Desktop\\Semester5Kay\\booking-service\\vendor\\laravel\\lumen-framework\\src\\Concerns\\RoutesRequests.php(428): Illuminate\\Pipeline\\Pipeline->then(Object(Closure))
#39 C:\\Users\\HP\\OneDrive\\Desktop\\Semester5Kay\\booking-service\\vendor\\laravel\\lumen-framework\\src\\Concerns\\RoutesRequests.php(167): Laravel\\Lumen\\Application->sendThroughPipeline(Array, Object(Closure))
#40 C:\\Users\\HP\\OneDrive\\Desktop\\Semester5Kay\\booking-service\\vendor\\laravel\\lumen-framework\\src\\Concerns\\RoutesRequests.php(112): Laravel\\Lumen\\Application->dispatch(NULL)
#41 C:\\Users\\HP\\OneDrive\\Desktop\\Semester5Kay\\booking-service\\public\\index.php(28): Laravel\\Lumen\\Application->run()
#42 {main}
"} 
[2025-06-11 01:55:38] local.ERROR: SQLSTATE[08006] [7] could not translate host name "db" to address: Unknown host (Connection: pgsql, SQL: select count(*) as aggregate from "customers" where "id" = 99) {"exception":"[object] (Illuminate\\Database\\QueryException(code: 7): SQLSTATE[08006] [7] could not translate host name \"db\" to address: Unknown host (Connection: pgsql, SQL: select count(*) as aggregate from \"customers\" where \"id\" = 99) at C:\\Users\\HP\\OneDrive\\Desktop\\Semester5Kay\\booking-service\\vendor\\illuminate\\database\\Connection.php:829)
[stacktrace]
#0 C:\\Users\\HP\\OneDrive\\Desktop\\Semester5Kay\\booking-service\\vendor\\illuminate\\database\\Connection.php(983): Illuminate\\Database\\Connection->runQueryCallback('select count(*)...', Array, Object(Closure))
#1 C:\\Users\\HP\\OneDrive\\Desktop\\Semester5Kay\\booking-service\\vendor\\illuminate\\database\\Connection.php(962): Illuminate\\Database\\Connection->tryAgainIfCausedByLostConnection(Object(Illuminate\\Database\\QueryException), 'select count(*)...', Array, Object(Closure))
#2 C:\\Users\\HP\\OneDrive\\Desktop\\Semester5Kay\\booking-service\\vendor\\illuminate\\database\\Connection.php(785): Illuminate\\Database\\Connection->handleQueryException(Object(Illuminate\\Database\\QueryException), 'select count(*)...', Array, Object(Closure))
#3 C:\\Users\\HP\\OneDrive\\Desktop\\Semester5Kay\\booking-service\\vendor\\illuminate\\database\\Connection.php(414): Illuminate\\Database\\Connection->run('select count(*)...', Array, Object(Closure))
#4 C:\\Users\\HP\\OneDrive\\Desktop\\Semester5Kay\\booking-service\\vendor\\illuminate\\database\\Query\\Builder.php(2913): Illuminate\\Database\\Connection->select('select count(*)...', Array, false)
#5 C:\\Users\\HP\\OneDrive\\Desktop\\Semester5Kay\\booking-service\\vendor\\illuminate\\database\\Query\\Builder.php(2902): Illuminate\\Database\\Query\\Builder->runSelect()
#6 C:\\Users\\HP\\OneDrive\\Desktop\\Semester5Kay\\booking-service\\vendor\\illuminate\\database\\Query\\Builder.php(3456): Illuminate\\Database\\Query\\Builder->Illuminate\\Database\\Query\\{closure}()
#7 C:\\Users\\HP\\OneDrive\\Desktop\\Semester5Kay\\booking-service\\vendor\\illuminate\\database\\Query\\Builder.php(2901): Illuminate\\Database\\Query\\Builder->onceWithColumns(Array, Object(Closure))
#8 C:\\Users\\HP\\OneDrive\\Desktop\\Semester5Kay\\booking-service\\vendor\\illuminate\\database\\Query\\Builder.php(3383): Illuminate\\Database\\Query\\Builder->get(Array)
#9 C:\\Users\\HP\\OneDrive\\Desktop\\Semester5Kay\\booking-service\\vendor\\illuminate\\database\\Query\\Builder.php(3311): Illuminate\\Database\\Query\\Builder->aggregate('count', Array)
#10 C:\\Users\\HP\\OneDrive\\Desktop\\Semester5Kay\\booking-service\\vendor\\illuminate\\validation\\DatabasePresenceVerifier.php(54): Illuminate\\Database\\Query\\Builder->count()
#11 C:\\Users\\HP\\OneDrive\\Desktop\\Semester5Kay\\booking-service\\vendor\\illuminate\\validation\\Concerns\\ValidatesAttributes.php(903): Illuminate\\Validation\\DatabasePresenceVerifier->getCount('customers', 'id', '99', NULL, NULL, Array)
#12 C:\\Users\\HP\\OneDrive\\Desktop\\Semester5Kay\\booking-service\\vendor\\illuminate\\validation\\Concerns\\ValidatesAttributes.php(874): Illuminate\\Validation\\Validator->getExistCount(NULL, 'customers', 'id', '99', Array)
#13 C:\\Users\\HP\\OneDrive\\Desktop\\Semester5Kay\\booking-service\\vendor\\illuminate\\validation\\Validator.php(658): Illuminate\\Validation\\Validator->validateExists('customer_id', '99', Array, Object(Illuminate\\Validation\\Validator))
#14 C:\\Users\\HP\\OneDrive\\Desktop\\Semester5Kay\\booking-service\\vendor\\illuminate\\validation\\Validator.php(457): Illuminate\\Validation\\Validator->validateAttribute('customer_id', 'Exists')
#15 C:\\Users\\HP\\OneDrive\\Desktop\\Semester5Kay\\booking-service\\vendor\\illuminate\\validation\\Validator.php(492): Illuminate\\Validation\\Validator->passes()
#16 C:\\Users\\HP\\OneDrive\\Desktop\\Semester5Kay\\booking-service\\app\\Http\\Controllers\\BookingController.php(29): Illuminate\\Validation\\Validator->fails()
#17 C:\\Users\\HP\\OneDrive\\Desktop\\Semester5Kay\\booking-service\\vendor\\illuminate\\container\\BoundMethod.php(36): App\\Http\\Controllers\\BookingController->store(Object(Laravel\\Lumen\\Http\\Request))
#18 C:\\Users\\HP\\OneDrive\\Desktop\\Semester5Kay\\booking-service\\vendor\\illuminate\\container\\Util.php(41): Illuminate\\Container\\BoundMethod::Illuminate\\Container\\{closure}()
#19 C:\\Users\\HP\\OneDrive\\Desktop\\Semester5Kay\\booking-service\\vendor\\illuminate\\container\\BoundMethod.php(93): Illuminate\\Container\\Util::unwrapIfClosure(Object(Closure))
#20 C:\\Users\\HP\\OneDrive\\Desktop\\Semester5Kay\\booking-service\\vendor\\illuminate\\container\\BoundMethod.php(35): Illuminate\\Container\\BoundMethod::callBoundMethod(Object(Laravel\\Lumen\\Application), Array, Object(Closure))
#21 C:\\Users\\HP\\OneDrive\\Desktop\\Semester5Kay\\booking-service\\vendor\\illuminate\\container\\Container.php(662): Illuminate\\Container\\BoundMethod::call(Object(Laravel\\Lumen\\Application), Array, Array, NULL)
#22 C:\\Users\\HP\\OneDrive\\Desktop\\Semester5Kay\\booking-service\\vendor\\laravel\\lumen-framework\\src\\Concerns\\RoutesRequests.php(391): Illuminate\\Container\\Container->call(Array, Array)
#23 C:\\Users\\HP\\OneDrive\\Desktop\\Semester5Kay\\booking-service\\vendor\\laravel\\lumen-framework\\src\\Concerns\\RoutesRequests.php(356): Laravel\\Lumen\\Application->callControllerCallable(Array, Array)
#24 C:\\Users\\HP\\OneDrive\\Desktop\\Semester5Kay\\booking-service\\vendor\\laravel\\lumen-framework\\src\\Concerns\\RoutesRequests.php(331): Laravel\\Lumen\\Application->callLumenController(Object(App\\Http\\Controllers\\BookingController), 'store', Array)
#25 C:\\Users\\HP\\OneDrive\\Desktop\\Semester5Kay\\booking-service\\vendor\\laravel\\lumen-framework\\src\\Concerns\\RoutesRequests.php(284): Laravel\\Lumen\\Application->callControllerAction(Array)
#26 C:\\Users\\HP\\OneDrive\\Desktop\\Semester5Kay\\booking-service\\vendor\\laravel\\lumen-framework\\src\\Concerns\\RoutesRequests.php(269): Laravel\\Lumen\\Application->callActionOnArrayBasedRoute(Array)
#27 C:\\Users\\HP\\OneDrive\\Desktop\\Semester5Kay\\booking-service\\vendor\\laravel\\lumen-framework\\src\\Concerns\\RoutesRequests.php(171): Laravel\\Lumen\\Application->handleFoundRoute(Array)
#28 C:\\Users\\HP\\OneDrive\\Desktop\\Semester5Kay\\booking-service\\vendor\\laravel\\lumen-framework\\src\\Routing\\Pipeline.php(48): Laravel\\Lumen\\Application->Laravel\\Lumen\\Concerns\\{closure}(Object(Laravel\\Lumen\\Http\\Request))
#29 C:\\Users\\HP\\OneDrive\\Desktop\\Semester5Kay\\booking-service\\bootstrap\\app.php(39): Laravel\\Lumen\\Routing\\Pipeline->Laravel\\Lumen\\Routing\\{closure}(Object(Laravel\\Lumen\\Http\\Request))
#30 C:\\Users\\HP\\OneDrive\\Desktop\\Semester5Kay\\booking-service\\vendor\\illuminate\\pipeline\\Pipeline.php(165): {closure}(Object(Laravel\\Lumen\\Http\\Request), Object(Closure))
#31 C:\\Users\\HP\\OneDrive\\Desktop\\Semester5Kay\\booking-service\\vendor\\laravel\\lumen-framework\\src\\Routing\\Pipeline.php(30): Illuminate\\Pipeline\\Pipeline->Illuminate\\Pipeline\\{closure}(Object(Laravel\\Lumen\\Http\\Request))
#32 C:\\Users\\HP\\OneDrive\\Desktop\\Semester5Kay\\booking-service\\vendor\\illuminate\\pipeline\\Pipeline.php(119): Laravel\\Lumen\\Routing\\Pipeline->Laravel\\Lumen\\Routing\\{closure}(Object(Laravel\\Lumen\\Http\\Request))
#33 C:\\Users\\HP\\OneDrive\\Desktop\\Semester5Kay\\booking-service\\vendor\\laravel\\lumen-framework\\src\\Concerns\\RoutesRequests.php(428): Illuminate\\Pipeline\\Pipeline->then(Object(Closure))
#34 C:\\Users\\HP\\OneDrive\\Desktop\\Semester5Kay\\booking-service\\vendor\\laravel\\lumen-framework\\src\\Concerns\\RoutesRequests.php(167): Laravel\\Lumen\\Application->sendThroughPipeline(Array, Object(Closure))
#35 C:\\Users\\HP\\OneDrive\\Desktop\\Semester5Kay\\booking-service\\vendor\\laravel\\lumen-framework\\src\\Concerns\\RoutesRequests.php(112): Laravel\\Lumen\\Application->dispatch(NULL)
#36 C:\\Users\\HP\\OneDrive\\Desktop\\Semester5Kay\\booking-service\\public\\index.php(28): Laravel\\Lumen\\Application->run()
#37 {main}

[previous exception] [object] (PDOException(code: 7): SQLSTATE[08006] [7] could not translate host name \"db\" to address: Unknown host at C:\\Users\\HP\\OneDrive\\Desktop\\Semester5Kay\\booking-service\\vendor\\illuminate\\database\\Connectors\\Connector.php:65)
[stacktrace]
#0 C:\\Users\\HP\\OneDrive\\Desktop\\Semester5Kay\\booking-service\\vendor\\illuminate\\database\\Connectors\\Connector.php(65): PDO->__construct('pgsql:host=db;d...', 'hotel_user', Object(SensitiveParameterValue), Array)
#1 C:\\Users\\HP\\OneDrive\\Desktop\\Semester5Kay\\booking-service\\vendor\\illuminate\\database\\Connectors\\Connector.php(83): Illuminate\\Database\\Connectors\\Connector->createPdoConnection('pgsql:host=db;d...', 'hotel_user', 'secret', Array)
#2 C:\\Users\\HP\\OneDrive\\Desktop\\Semester5Kay\\booking-service\\vendor\\illuminate\\database\\Connectors\\Connector.php(48): Illuminate\\Database\\Connectors\\Connector->tryAgainIfCausedByLostConnection(Object(PDOException), 'pgsql:host=db;d...', 'hotel_user', 'secret', Array)
#3 C:\\Users\\HP\\OneDrive\\Desktop\\Semester5Kay\\booking-service\\vendor\\illuminate\\database\\Connectors\\PostgresConnector.php(35): Illuminate\\Database\\Connectors\\Connector->createConnection('pgsql:host=db;d...', Array, Array)
#4 C:\\Users\\HP\\OneDrive\\Desktop\\Semester5Kay\\booking-service\\vendor\\illuminate\\database\\Connectors\\ConnectionFactory.php(184): Illuminate\\Database\\Connectors\\PostgresConnector->connect(Array)
#5 [internal function]: Illuminate\\Database\\Connectors\\ConnectionFactory->Illuminate\\Database\\Connectors\\{closure}()
#6 C:\\Users\\HP\\OneDrive\\Desktop\\Semester5Kay\\booking-service\\vendor\\illuminate\\database\\Connection.php(1339): call_user_func(Object(Closure))
#7 C:\\Users\\HP\\OneDrive\\Desktop\\Semester5Kay\\booking-service\\vendor\\illuminate\\database\\Connection.php(528): Illuminate\\Database\\Connection->getPdo()
#8 C:\\Users\\HP\\OneDrive\\Desktop\\Semester5Kay\\booking-service\\vendor\\illuminate\\database\\Connection.php(423): Illuminate\\Database\\Connection->getPdoForSelect(false)
#9 C:\\Users\\HP\\OneDrive\\Desktop\\Semester5Kay\\booking-service\\vendor\\illuminate\\database\\Connection.php(816): Illuminate\\Database\\Connection->Illuminate\\Database\\{closure}('select count(*)...', Array)
#10 C:\\Users\\HP\\OneDrive\\Desktop\\Semester5Kay\\booking-service\\vendor\\illuminate\\database\\Connection.php(983): Illuminate\\Database\\Connection->runQueryCallback('select count(*)...', Array, Object(Closure))
#11 C:\\Users\\HP\\OneDrive\\Desktop\\Semester5Kay\\booking-service\\vendor\\illuminate\\database\\Connection.php(962): Illuminate\\Database\\Connection->tryAgainIfCausedByLostConnection(Object(Illuminate\\Database\\QueryException), 'select count(*)...', Array, Object(Closure))
#12 C:\\Users\\HP\\OneDrive\\Desktop\\Semester5Kay\\booking-service\\vendor\\illuminate\\database\\Connection.php(785): Illuminate\\Database\\Connection->handleQueryException(Object(Illuminate\\Database\\QueryException), 'select count(*)...', Array, Object(Closure))
#13 C:\\Users\\HP\\OneDrive\\Desktop\\Semester5Kay\\booking-service\\vendor\\illuminate\\database\\Connection.php(414): Illuminate\\Database\\Connection->run('select count(*)...', Array, Object(Closure))
#14 C:\\Users\\HP\\OneDrive\\Desktop\\Semester5Kay\\booking-service\\vendor\\illuminate\\database\\Query\\Builder.php(2913): Illuminate\\Database\\Connection->select('select count(*)...', Array, false)
#15 C:\\Users\\HP\\OneDrive\\Desktop\\Semester5Kay\\booking-service\\vendor\\illuminate\\database\\Query\\Builder.php(2902): Illuminate\\Database\\Query\\Builder->runSelect()
#16 C:\\Users\\HP\\OneDrive\\Desktop\\Semester5Kay\\booking-service\\vendor\\illuminate\\database\\Query\\Builder.php(3456): Illuminate\\Database\\Query\\Builder->Illuminate\\Database\\Query\\{closure}()
#17 C:\\Users\\HP\\OneDrive\\Desktop\\Semester5Kay\\booking-service\\vendor\\illuminate\\database\\Query\\Builder.php(2901): Illuminate\\Database\\Query\\Builder->onceWithColumns(Array, Object(Closure))
#18 C:\\Users\\HP\\OneDrive\\Desktop\\Semester5Kay\\booking-service\\vendor\\illuminate\\database\\Query\\Builder.php(3383): Illuminate\\Database\\Query\\Builder->get(Array)
#19 C:\\Users\\HP\\OneDrive\\Desktop\\Semester5Kay\\booking-service\\vendor\\illuminate\\database\\Query\\Builder.php(3311): Illuminate\\Database\\Query\\Builder->aggregate('count', Array)
#20 C:\\Users\\HP\\OneDrive\\Desktop\\Semester5Kay\\booking-service\\vendor\\illuminate\\validation\\DatabasePresenceVerifier.php(54): Illuminate\\Database\\Query\\Builder->count()
#21 C:\\Users\\HP\\OneDrive\\Desktop\\Semester5Kay\\booking-service\\vendor\\illuminate\\validation\\Concerns\\ValidatesAttributes.php(903): Illuminate\\Validation\\DatabasePresenceVerifier->getCount('customers', 'id', '99', NULL, NULL, Array)
#22 C:\\Users\\HP\\OneDrive\\Desktop\\Semester5Kay\\booking-service\\vendor\\illuminate\\validation\\Concerns\\ValidatesAttributes.php(874): Illuminate\\Validation\\Validator->getExistCount(NULL, 'customers', 'id', '99', Array)
#23 C:\\Users\\HP\\OneDrive\\Desktop\\Semester5Kay\\booking-service\\vendor\\illuminate\\validation\\Validator.php(658): Illuminate\\Validation\\Validator->validateExists('customer_id', '99', Array, Object(Illuminate\\Validation\\Validator))
#24 C:\\Users\\HP\\OneDrive\\Desktop\\Semester5Kay\\booking-service\\vendor\\illuminate\\validation\\Validator.php(457): Illuminate\\Validation\\Validator->validateAttribute('customer_id', 'Exists')
#25 C:\\Users\\HP\\OneDrive\\Desktop\\Semester5Kay\\booking-service\\vendor\\illuminate\\validation\\Validator.php(492): Illuminate\\Validation\\Validator->passes()
#26 C:\\Users\\HP\\OneDrive\\Desktop\\Semester5Kay\\booking-service\\app\\Http\\Controllers\\BookingController.php(29): Illuminate\\Validation\\Validator->fails()
#27 C:\\Users\\HP\\OneDrive\\Desktop\\Semester5Kay\\booking-service\\vendor\\illuminate\\container\\BoundMethod.php(36): App\\Http\\Controllers\\BookingController->store(Object(Laravel\\Lumen\\Http\\Request))
#28 C:\\Users\\HP\\OneDrive\\Desktop\\Semester5Kay\\booking-service\\vendor\\illuminate\\container\\Util.php(41): Illuminate\\Container\\BoundMethod::Illuminate\\Container\\{closure}()
#29 C:\\Users\\HP\\OneDrive\\Desktop\\Semester5Kay\\booking-service\\vendor\\illuminate\\container\\BoundMethod.php(93): Illuminate\\Container\\Util::unwrapIfClosure(Object(Closure))
#30 C:\\Users\\HP\\OneDrive\\Desktop\\Semester5Kay\\booking-service\\vendor\\illuminate\\container\\BoundMethod.php(35): Illuminate\\Container\\BoundMethod::callBoundMethod(Object(Laravel\\Lumen\\Application), Array, Object(Closure))
#31 C:\\Users\\HP\\OneDrive\\Desktop\\Semester5Kay\\booking-service\\vendor\\illuminate\\container\\Container.php(662): Illuminate\\Container\\BoundMethod::call(Object(Laravel\\Lumen\\Application), Array, Array, NULL)
#32 C:\\Users\\HP\\OneDrive\\Desktop\\Semester5Kay\\booking-service\\vendor\\laravel\\lumen-framework\\src\\Concerns\\RoutesRequests.php(391): Illuminate\\Container\\Container->call(Array, Array)
#33 C:\\Users\\HP\\OneDrive\\Desktop\\Semester5Kay\\booking-service\\vendor\\laravel\\lumen-framework\\src\\Concerns\\RoutesRequests.php(356): Laravel\\Lumen\\Application->callControllerCallable(Array, Array)
#34 C:\\Users\\HP\\OneDrive\\Desktop\\Semester5Kay\\booking-service\\vendor\\laravel\\lumen-framework\\src\\Concerns\\RoutesRequests.php(331): Laravel\\Lumen\\Application->callLumenController(Object(App\\Http\\Controllers\\BookingController), 'store', Array)
#35 C:\\Users\\HP\\OneDrive\\Desktop\\Semester5Kay\\booking-service\\vendor\\laravel\\lumen-framework\\src\\Concerns\\RoutesRequests.php(284): Laravel\\Lumen\\Application->callControllerAction(Array)
#36 C:\\Users\\HP\\OneDrive\\Desktop\\Semester5Kay\\booking-service\\vendor\\laravel\\lumen-framework\\src\\Concerns\\RoutesRequests.php(269): Laravel\\Lumen\\Application->callActionOnArrayBasedRoute(Array)
#37 C:\\Users\\HP\\OneDrive\\Desktop\\Semester5Kay\\booking-service\\vendor\\laravel\\lumen-framework\\src\\Concerns\\RoutesRequests.php(171): Laravel\\Lumen\\Application->handleFoundRoute(Array)
#38 C:\\Users\\HP\\OneDrive\\Desktop\\Semester5Kay\\booking-service\\vendor\\laravel\\lumen-framework\\src\\Routing\\Pipeline.php(48): Laravel\\Lumen\\Application->Laravel\\Lumen\\Concerns\\{closure}(Object(Laravel\\Lumen\\Http\\Request))
#39 C:\\Users\\HP\\OneDrive\\Desktop\\Semester5Kay\\booking-service\\bootstrap\\app.php(39): Laravel\\Lumen\\Routing\\Pipeline->Laravel\\Lumen\\Routing\\{closure}(Object(Laravel\\Lumen\\Http\\Request))
#40 C:\\Users\\HP\\OneDrive\\Desktop\\Semester5Kay\\booking-service\\vendor\\illuminate\\pipeline\\Pipeline.php(165): {closure}(Object(Laravel\\Lumen\\Http\\Request), Object(Closure))
#41 C:\\Users\\HP\\OneDrive\\Desktop\\Semester5Kay\\booking-service\\vendor\\laravel\\lumen-framework\\src\\Routing\\Pipeline.php(30): Illuminate\\Pipeline\\Pipeline->Illuminate\\Pipeline\\{closure}(Object(Laravel\\Lumen\\Http\\Request))
#42 C:\\Users\\HP\\OneDrive\\Desktop\\Semester5Kay\\booking-service\\vendor\\illuminate\\pipeline\\Pipeline.php(119): Laravel\\Lumen\\Routing\\Pipeline->Laravel\\Lumen\\Routing\\{closure}(Object(Laravel\\Lumen\\Http\\Request))
#43 C:\\Users\\HP\\OneDrive\\Desktop\\Semester5Kay\\booking-service\\vendor\\laravel\\lumen-framework\\src\\Concerns\\RoutesRequests.php(428): Illuminate\\Pipeline\\Pipeline->then(Object(Closure))
#44 C:\\Users\\HP\\OneDrive\\Desktop\\Semester5Kay\\booking-service\\vendor\\laravel\\lumen-framework\\src\\Concerns\\RoutesRequests.php(167): Laravel\\Lumen\\Application->sendThroughPipeline(Array, Object(Closure))
#45 C:\\Users\\HP\\OneDrive\\Desktop\\Semester5Kay\\booking-service\\vendor\\laravel\\lumen-framework\\src\\Concerns\\RoutesRequests.php(112): Laravel\\Lumen\\Application->dispatch(NULL)
#46 C:\\Users\\HP\\OneDrive\\Desktop\\Semester5Kay\\booking-service\\public\\index.php(28): Laravel\\Lumen\\Application->run()
#47 {main}
"} 
[2025-06-11 01:55:49] local.ERROR: SQLSTATE[08006] [7] could not translate host name "db" to address: Unknown host (Connection: pgsql, SQL: select * from "bookings") {"exception":"[object] (Illuminate\\Database\\QueryException(code: 7): SQLSTATE[08006] [7] could not translate host name \"db\" to address: Unknown host (Connection: pgsql, SQL: select * from \"bookings\") at C:\\Users\\HP\\OneDrive\\Desktop\\Semester5Kay\\booking-service\\vendor\\illuminate\\database\\Connection.php:829)
[stacktrace]
#0 C:\\Users\\HP\\OneDrive\\Desktop\\Semester5Kay\\booking-service\\vendor\\illuminate\\database\\Connection.php(983): Illuminate\\Database\\Connection->runQueryCallback('select * from \"...', Array, Object(Closure))
#1 C:\\Users\\HP\\OneDrive\\Desktop\\Semester5Kay\\booking-service\\vendor\\illuminate\\database\\Connection.php(962): Illuminate\\Database\\Connection->tryAgainIfCausedByLostConnection(Object(Illuminate\\Database\\QueryException), 'select * from \"...', Array, Object(Closure))
#2 C:\\Users\\HP\\OneDrive\\Desktop\\Semester5Kay\\booking-service\\vendor\\illuminate\\database\\Connection.php(785): Illuminate\\Database\\Connection->handleQueryException(Object(Illuminate\\Database\\QueryException), 'select * from \"...', Array, Object(Closure))
#3 C:\\Users\\HP\\OneDrive\\Desktop\\Semester5Kay\\booking-service\\vendor\\illuminate\\database\\Connection.php(414): Illuminate\\Database\\Connection->run('select * from \"...', Array, Object(Closure))
#4 C:\\Users\\HP\\OneDrive\\Desktop\\Semester5Kay\\booking-service\\vendor\\illuminate\\database\\Query\\Builder.php(2913): Illuminate\\Database\\Connection->select('select * from \"...', Array, true)
#5 C:\\Users\\HP\\OneDrive\\Desktop\\Semester5Kay\\booking-service\\vendor\\illuminate\\database\\Query\\Builder.php(2902): Illuminate\\Database\\Query\\Builder->runSelect()
#6 C:\\Users\\HP\\OneDrive\\Desktop\\Semester5Kay\\booking-service\\vendor\\illuminate\\database\\Query\\Builder.php(3456): Illuminate\\Database\\Query\\Builder->Illuminate\\Database\\Query\\{closure}()
#7 C:\\Users\\HP\\OneDrive\\Desktop\\Semester5Kay\\booking-service\\vendor\\illuminate\\database\\Query\\Builder.php(2901): Illuminate\\Database\\Query\\Builder->onceWithColumns(Array, Object(Closure))
#8 C:\\Users\\HP\\OneDrive\\Desktop\\Semester5Kay\\booking-service\\vendor\\illuminate\\database\\Eloquent\\Builder.php(739): Illuminate\\Database\\Query\\Builder->get(Array)
#9 C:\\Users\\HP\\OneDrive\\Desktop\\Semester5Kay\\booking-service\\vendor\\illuminate\\database\\Eloquent\\Builder.php(723): Illuminate\\Database\\Eloquent\\Builder->getModels(Array)
#10 C:\\Users\\HP\\OneDrive\\Desktop\\Semester5Kay\\booking-service\\app\\Http\\Controllers\\BookingController.php(14): Illuminate\\Database\\Eloquent\\Builder->get()
#11 C:\\Users\\HP\\OneDrive\\Desktop\\Semester5Kay\\booking-service\\vendor\\illuminate\\container\\BoundMethod.php(36): App\\Http\\Controllers\\BookingController->index()
#12 C:\\Users\\HP\\OneDrive\\Desktop\\Semester5Kay\\booking-service\\vendor\\illuminate\\container\\Util.php(41): Illuminate\\Container\\BoundMethod::Illuminate\\Container\\{closure}()
#13 C:\\Users\\HP\\OneDrive\\Desktop\\Semester5Kay\\booking-service\\vendor\\illuminate\\container\\BoundMethod.php(93): Illuminate\\Container\\Util::unwrapIfClosure(Object(Closure))
#14 C:\\Users\\HP\\OneDrive\\Desktop\\Semester5Kay\\booking-service\\vendor\\illuminate\\container\\BoundMethod.php(35): Illuminate\\Container\\BoundMethod::callBoundMethod(Object(Laravel\\Lumen\\Application), Array, Object(Closure))
#15 C:\\Users\\HP\\OneDrive\\Desktop\\Semester5Kay\\booking-service\\vendor\\illuminate\\container\\Container.php(662): Illuminate\\Container\\BoundMethod::call(Object(Laravel\\Lumen\\Application), Array, Array, NULL)
#16 C:\\Users\\HP\\OneDrive\\Desktop\\Semester5Kay\\booking-service\\vendor\\laravel\\lumen-framework\\src\\Concerns\\RoutesRequests.php(391): Illuminate\\Container\\Container->call(Array, Array)
#17 C:\\Users\\HP\\OneDrive\\Desktop\\Semester5Kay\\booking-service\\vendor\\laravel\\lumen-framework\\src\\Concerns\\RoutesRequests.php(356): Laravel\\Lumen\\Application->callControllerCallable(Array, Array)
#18 C:\\Users\\HP\\OneDrive\\Desktop\\Semester5Kay\\booking-service\\vendor\\laravel\\lumen-framework\\src\\Concerns\\RoutesRequests.php(331): Laravel\\Lumen\\Application->callLumenController(Object(App\\Http\\Controllers\\BookingController), 'index', Array)
#19 C:\\Users\\HP\\OneDrive\\Desktop\\Semester5Kay\\booking-service\\vendor\\laravel\\lumen-framework\\src\\Concerns\\RoutesRequests.php(284): Laravel\\Lumen\\Application->callControllerAction(Array)
#20 C:\\Users\\HP\\OneDrive\\Desktop\\Semester5Kay\\booking-service\\vendor\\laravel\\lumen-framework\\src\\Concerns\\RoutesRequests.php(269): Laravel\\Lumen\\Application->callActionOnArrayBasedRoute(Array)
#21 C:\\Users\\HP\\OneDrive\\Desktop\\Semester5Kay\\booking-service\\vendor\\laravel\\lumen-framework\\src\\Concerns\\RoutesRequests.php(171): Laravel\\Lumen\\Application->handleFoundRoute(Array)
#22 C:\\Users\\HP\\OneDrive\\Desktop\\Semester5Kay\\booking-service\\vendor\\laravel\\lumen-framework\\src\\Routing\\Pipeline.php(48): Laravel\\Lumen\\Application->Laravel\\Lumen\\Concerns\\{closure}(Object(Laravel\\Lumen\\Http\\Request))
#23 C:\\Users\\HP\\OneDrive\\Desktop\\Semester5Kay\\booking-service\\bootstrap\\app.php(39): Laravel\\Lumen\\Routing\\Pipeline->Laravel\\Lumen\\Routing\\{closure}(Object(Laravel\\Lumen\\Http\\Request))
#24 C:\\Users\\HP\\OneDrive\\Desktop\\Semester5Kay\\booking-service\\vendor\\illuminate\\pipeline\\Pipeline.php(165): {closure}(Object(Laravel\\Lumen\\Http\\Request), Object(Closure))
#25 C:\\Users\\HP\\OneDrive\\Desktop\\Semester5Kay\\booking-service\\vendor\\laravel\\lumen-framework\\src\\Routing\\Pipeline.php(30): Illuminate\\Pipeline\\Pipeline->Illuminate\\Pipeline\\{closure}(Object(Laravel\\Lumen\\Http\\Request))
#26 C:\\Users\\HP\\OneDrive\\Desktop\\Semester5Kay\\booking-service\\vendor\\illuminate\\pipeline\\Pipeline.php(119): Laravel\\Lumen\\Routing\\Pipeline->Laravel\\Lumen\\Routing\\{closure}(Object(Laravel\\Lumen\\Http\\Request))
#27 C:\\Users\\HP\\OneDrive\\Desktop\\Semester5Kay\\booking-service\\vendor\\laravel\\lumen-framework\\src\\Concerns\\RoutesRequests.php(428): Illuminate\\Pipeline\\Pipeline->then(Object(Closure))
#28 C:\\Users\\HP\\OneDrive\\Desktop\\Semester5Kay\\booking-service\\vendor\\laravel\\lumen-framework\\src\\Concerns\\RoutesRequests.php(167): Laravel\\Lumen\\Application->sendThroughPipeline(Array, Object(Closure))
#29 C:\\Users\\HP\\OneDrive\\Desktop\\Semester5Kay\\booking-service\\vendor\\laravel\\lumen-framework\\src\\Concerns\\RoutesRequests.php(112): Laravel\\Lumen\\Application->dispatch(NULL)
#30 C:\\Users\\HP\\OneDrive\\Desktop\\Semester5Kay\\booking-service\\public\\index.php(28): Laravel\\Lumen\\Application->run()
#31 {main}

[previous exception] [object] (PDOException(code: 7): SQLSTATE[08006] [7] could not translate host name \"db\" to address: Unknown host at C:\\Users\\HP\\OneDrive\\Desktop\\Semester5Kay\\booking-service\\vendor\\illuminate\\database\\Connectors\\Connector.php:65)
[stacktrace]
#0 C:\\Users\\HP\\OneDrive\\Desktop\\Semester5Kay\\booking-service\\vendor\\illuminate\\database\\Connectors\\Connector.php(65): PDO->__construct('pgsql:host=db;d...', 'hotel_user', Object(SensitiveParameterValue), Array)
#1 C:\\Users\\HP\\OneDrive\\Desktop\\Semester5Kay\\booking-service\\vendor\\illuminate\\database\\Connectors\\Connector.php(83): Illuminate\\Database\\Connectors\\Connector->createPdoConnection('pgsql:host=db;d...', 'hotel_user', 'secret', Array)
#2 C:\\Users\\HP\\OneDrive\\Desktop\\Semester5Kay\\booking-service\\vendor\\illuminate\\database\\Connectors\\Connector.php(48): Illuminate\\Database\\Connectors\\Connector->tryAgainIfCausedByLostConnection(Object(PDOException), 'pgsql:host=db;d...', 'hotel_user', 'secret', Array)
#3 C:\\Users\\HP\\OneDrive\\Desktop\\Semester5Kay\\booking-service\\vendor\\illuminate\\database\\Connectors\\PostgresConnector.php(35): Illuminate\\Database\\Connectors\\Connector->createConnection('pgsql:host=db;d...', Array, Array)
#4 C:\\Users\\HP\\OneDrive\\Desktop\\Semester5Kay\\booking-service\\vendor\\illuminate\\database\\Connectors\\ConnectionFactory.php(184): Illuminate\\Database\\Connectors\\PostgresConnector->connect(Array)
#5 [internal function]: Illuminate\\Database\\Connectors\\ConnectionFactory->Illuminate\\Database\\Connectors\\{closure}()
#6 C:\\Users\\HP\\OneDrive\\Desktop\\Semester5Kay\\booking-service\\vendor\\illuminate\\database\\Connection.php(1339): call_user_func(Object(Closure))
#7 C:\\Users\\HP\\OneDrive\\Desktop\\Semester5Kay\\booking-service\\vendor\\illuminate\\database\\Connection.php(1375): Illuminate\\Database\\Connection->getPdo()
#8 C:\\Users\\HP\\OneDrive\\Desktop\\Semester5Kay\\booking-service\\vendor\\illuminate\\database\\Connection.php(528): Illuminate\\Database\\Connection->getReadPdo()
#9 C:\\Users\\HP\\OneDrive\\Desktop\\Semester5Kay\\booking-service\\vendor\\illuminate\\database\\Connection.php(423): Illuminate\\Database\\Connection->getPdoForSelect(true)
#10 C:\\Users\\HP\\OneDrive\\Desktop\\Semester5Kay\\booking-service\\vendor\\illuminate\\database\\Connection.php(816): Illuminate\\Database\\Connection->Illuminate\\Database\\{closure}('select * from \"...', Array)
#11 C:\\Users\\HP\\OneDrive\\Desktop\\Semester5Kay\\booking-service\\vendor\\illuminate\\database\\Connection.php(983): Illuminate\\Database\\Connection->runQueryCallback('select * from \"...', Array, Object(Closure))
#12 C:\\Users\\HP\\OneDrive\\Desktop\\Semester5Kay\\booking-service\\vendor\\illuminate\\database\\Connection.php(962): Illuminate\\Database\\Connection->tryAgainIfCausedByLostConnection(Object(Illuminate\\Database\\QueryException), 'select * from \"...', Array, Object(Closure))
#13 C:\\Users\\HP\\OneDrive\\Desktop\\Semester5Kay\\booking-service\\vendor\\illuminate\\database\\Connection.php(785): Illuminate\\Database\\Connection->handleQueryException(Object(Illuminate\\Database\\QueryException), 'select * from \"...', Array, Object(Closure))
#14 C:\\Users\\HP\\OneDrive\\Desktop\\Semester5Kay\\booking-service\\vendor\\illuminate\\database\\Connection.php(414): Illuminate\\Database\\Connection->run('select * from \"...', Array, Object(Closure))
#15 C:\\Users\\HP\\OneDrive\\Desktop\\Semester5Kay\\booking-service\\vendor\\illuminate\\database\\Query\\Builder.php(2913): Illuminate\\Database\\Connection->select('select * from \"...', Array, true)
#16 C:\\Users\\HP\\OneDrive\\Desktop\\Semester5Kay\\booking-service\\vendor\\illuminate\\database\\Query\\Builder.php(2902): Illuminate\\Database\\Query\\Builder->runSelect()
#17 C:\\Users\\HP\\OneDrive\\Desktop\\Semester5Kay\\booking-service\\vendor\\illuminate\\database\\Query\\Builder.php(3456): Illuminate\\Database\\Query\\Builder->Illuminate\\Database\\Query\\{closure}()
#18 C:\\Users\\HP\\OneDrive\\Desktop\\Semester5Kay\\booking-service\\vendor\\illuminate\\database\\Query\\Builder.php(2901): Illuminate\\Database\\Query\\Builder->onceWithColumns(Array, Object(Closure))
#19 C:\\Users\\HP\\OneDrive\\Desktop\\Semester5Kay\\booking-service\\vendor\\illuminate\\database\\Eloquent\\Builder.php(739): Illuminate\\Database\\Query\\Builder->get(Array)
#20 C:\\Users\\HP\\OneDrive\\Desktop\\Semester5Kay\\booking-service\\vendor\\illuminate\\database\\Eloquent\\Builder.php(723): Illuminate\\Database\\Eloquent\\Builder->getModels(Array)
#21 C:\\Users\\HP\\OneDrive\\Desktop\\Semester5Kay\\booking-service\\app\\Http\\Controllers\\BookingController.php(14): Illuminate\\Database\\Eloquent\\Builder->get()
#22 C:\\Users\\HP\\OneDrive\\Desktop\\Semester5Kay\\booking-service\\vendor\\illuminate\\container\\BoundMethod.php(36): App\\Http\\Controllers\\BookingController->index()
#23 C:\\Users\\HP\\OneDrive\\Desktop\\Semester5Kay\\booking-service\\vendor\\illuminate\\container\\Util.php(41): Illuminate\\Container\\BoundMethod::Illuminate\\Container\\{closure}()
#24 C:\\Users\\HP\\OneDrive\\Desktop\\Semester5Kay\\booking-service\\vendor\\illuminate\\container\\BoundMethod.php(93): Illuminate\\Container\\Util::unwrapIfClosure(Object(Closure))
#25 C:\\Users\\HP\\OneDrive\\Desktop\\Semester5Kay\\booking-service\\vendor\\illuminate\\container\\BoundMethod.php(35): Illuminate\\Container\\BoundMethod::callBoundMethod(Object(Laravel\\Lumen\\Application), Array, Object(Closure))
#26 C:\\Users\\HP\\OneDrive\\Desktop\\Semester5Kay\\booking-service\\vendor\\illuminate\\container\\Container.php(662): Illuminate\\Container\\BoundMethod::call(Object(Laravel\\Lumen\\Application), Array, Array, NULL)
#27 C:\\Users\\HP\\OneDrive\\Desktop\\Semester5Kay\\booking-service\\vendor\\laravel\\lumen-framework\\src\\Concerns\\RoutesRequests.php(391): Illuminate\\Container\\Container->call(Array, Array)
#28 C:\\Users\\HP\\OneDrive\\Desktop\\Semester5Kay\\booking-service\\vendor\\laravel\\lumen-framework\\src\\Concerns\\RoutesRequests.php(356): Laravel\\Lumen\\Application->callControllerCallable(Array, Array)
#29 C:\\Users\\HP\\OneDrive\\Desktop\\Semester5Kay\\booking-service\\vendor\\laravel\\lumen-framework\\src\\Concerns\\RoutesRequests.php(331): Laravel\\Lumen\\Application->callLumenController(Object(App\\Http\\Controllers\\BookingController), 'index', Array)
#30 C:\\Users\\HP\\OneDrive\\Desktop\\Semester5Kay\\booking-service\\vendor\\laravel\\lumen-framework\\src\\Concerns\\RoutesRequests.php(284): Laravel\\Lumen\\Application->callControllerAction(Array)
#31 C:\\Users\\HP\\OneDrive\\Desktop\\Semester5Kay\\booking-service\\vendor\\laravel\\lumen-framework\\src\\Concerns\\RoutesRequests.php(269): Laravel\\Lumen\\Application->callActionOnArrayBasedRoute(Array)
#32 C:\\Users\\HP\\OneDrive\\Desktop\\Semester5Kay\\booking-service\\vendor\\laravel\\lumen-framework\\src\\Concerns\\RoutesRequests.php(171): Laravel\\Lumen\\Application->handleFoundRoute(Array)
#33 C:\\Users\\HP\\OneDrive\\Desktop\\Semester5Kay\\booking-service\\vendor\\laravel\\lumen-framework\\src\\Routing\\Pipeline.php(48): Laravel\\Lumen\\Application->Laravel\\Lumen\\Concerns\\{closure}(Object(Laravel\\Lumen\\Http\\Request))
#34 C:\\Users\\HP\\OneDrive\\Desktop\\Semester5Kay\\booking-service\\bootstrap\\app.php(39): Laravel\\Lumen\\Routing\\Pipeline->Laravel\\Lumen\\Routing\\{closure}(Object(Laravel\\Lumen\\Http\\Request))
#35 C:\\Users\\HP\\OneDrive\\Desktop\\Semester5Kay\\booking-service\\vendor\\illuminate\\pipeline\\Pipeline.php(165): {closure}(Object(Laravel\\Lumen\\Http\\Request), Object(Closure))
#36 C:\\Users\\HP\\OneDrive\\Desktop\\Semester5Kay\\booking-service\\vendor\\laravel\\lumen-framework\\src\\Routing\\Pipeline.php(30): Illuminate\\Pipeline\\Pipeline->Illuminate\\Pipeline\\{closure}(Object(Laravel\\Lumen\\Http\\Request))
#37 C:\\Users\\HP\\OneDrive\\Desktop\\Semester5Kay\\booking-service\\vendor\\illuminate\\pipeline\\Pipeline.php(119): Laravel\\Lumen\\Routing\\Pipeline->Laravel\\Lumen\\Routing\\{closure}(Object(Laravel\\Lumen\\Http\\Request))
#38 C:\\Users\\HP\\OneDrive\\Desktop\\Semester5Kay\\booking-service\\vendor\\laravel\\lumen-framework\\src\\Concerns\\RoutesRequests.php(428): Illuminate\\Pipeline\\Pipeline->then(Object(Closure))
#39 C:\\Users\\HP\\OneDrive\\Desktop\\Semester5Kay\\booking-service\\vendor\\laravel\\lumen-framework\\src\\Concerns\\RoutesRequests.php(167): Laravel\\Lumen\\Application->sendThroughPipeline(Array, Object(Closure))
#40 C:\\Users\\HP\\OneDrive\\Desktop\\Semester5Kay\\booking-service\\vendor\\laravel\\lumen-framework\\src\\Concerns\\RoutesRequests.php(112): Laravel\\Lumen\\Application->dispatch(NULL)
#41 C:\\Users\\HP\\OneDrive\\Desktop\\Semester5Kay\\booking-service\\public\\index.php(28): Laravel\\Lumen\\Application->run()
#42 {main}
"} 
[2025-06-11 02:31:13] local.ERROR: SQLSTATE[08006] [7] could not translate host name "db" to address: Unknown host (Connection: pgsql, SQL: select * from "customers" order by "id" asc) {"exception":"[object] (Illuminate\\Database\\QueryException(code: 7): SQLSTATE[08006] [7] could not translate host name \"db\" to address: Unknown host (Connection: pgsql, SQL: select * from \"customers\" order by \"id\" asc) at C:\\Users\\HP\\OneDrive\\Desktop\\Semester5Kay\\booking-service\\vendor\\illuminate\\database\\Connection.php:829)
[stacktrace]
#0 C:\\Users\\HP\\OneDrive\\Desktop\\Semester5Kay\\booking-service\\vendor\\illuminate\\database\\Connection.php(983): Illuminate\\Database\\Connection->runQueryCallback('select * from \"...', Array, Object(Closure))
#1 C:\\Users\\HP\\OneDrive\\Desktop\\Semester5Kay\\booking-service\\vendor\\illuminate\\database\\Connection.php(962): Illuminate\\Database\\Connection->tryAgainIfCausedByLostConnection(Object(Illuminate\\Database\\QueryException), 'select * from \"...', Array, Object(Closure))
#2 C:\\Users\\HP\\OneDrive\\Desktop\\Semester5Kay\\booking-service\\vendor\\illuminate\\database\\Connection.php(785): Illuminate\\Database\\Connection->handleQueryException(Object(Illuminate\\Database\\QueryException), 'select * from \"...', Array, Object(Closure))
#3 C:\\Users\\HP\\OneDrive\\Desktop\\Semester5Kay\\booking-service\\vendor\\illuminate\\database\\Connection.php(414): Illuminate\\Database\\Connection->run('select * from \"...', Array, Object(Closure))
#4 C:\\Users\\HP\\OneDrive\\Desktop\\Semester5Kay\\booking-service\\vendor\\illuminate\\database\\Query\\Builder.php(2913): Illuminate\\Database\\Connection->select('select * from \"...', Array, true)
#5 C:\\Users\\HP\\OneDrive\\Desktop\\Semester5Kay\\booking-service\\vendor\\illuminate\\database\\Query\\Builder.php(2902): Illuminate\\Database\\Query\\Builder->runSelect()
#6 C:\\Users\\HP\\OneDrive\\Desktop\\Semester5Kay\\booking-service\\vendor\\illuminate\\database\\Query\\Builder.php(3456): Illuminate\\Database\\Query\\Builder->Illuminate\\Database\\Query\\{closure}()
#7 C:\\Users\\HP\\OneDrive\\Desktop\\Semester5Kay\\booking-service\\vendor\\illuminate\\database\\Query\\Builder.php(2901): Illuminate\\Database\\Query\\Builder->onceWithColumns(Array, Object(Closure))
#8 C:\\Users\\HP\\OneDrive\\Desktop\\Semester5Kay\\booking-service\\vendor\\illuminate\\database\\Eloquent\\Builder.php(739): Illuminate\\Database\\Query\\Builder->get(Array)
#9 C:\\Users\\HP\\OneDrive\\Desktop\\Semester5Kay\\booking-service\\vendor\\illuminate\\database\\Eloquent\\Builder.php(723): Illuminate\\Database\\Eloquent\\Builder->getModels(Array)
#10 C:\\Users\\HP\\OneDrive\\Desktop\\Semester5Kay\\booking-service\\app\\Http\\Controllers\\CustomerController.php(15): Illuminate\\Database\\Eloquent\\Builder->get()
#11 C:\\Users\\HP\\OneDrive\\Desktop\\Semester5Kay\\booking-service\\vendor\\illuminate\\container\\BoundMethod.php(36): App\\Http\\Controllers\\CustomerController->index()
#12 C:\\Users\\HP\\OneDrive\\Desktop\\Semester5Kay\\booking-service\\vendor\\illuminate\\container\\Util.php(41): Illuminate\\Container\\BoundMethod::Illuminate\\Container\\{closure}()
#13 C:\\Users\\HP\\OneDrive\\Desktop\\Semester5Kay\\booking-service\\vendor\\illuminate\\container\\BoundMethod.php(93): Illuminate\\Container\\Util::unwrapIfClosure(Object(Closure))
#14 C:\\Users\\HP\\OneDrive\\Desktop\\Semester5Kay\\booking-service\\vendor\\illuminate\\container\\BoundMethod.php(35): Illuminate\\Container\\BoundMethod::callBoundMethod(Object(Laravel\\Lumen\\Application), Array, Object(Closure))
#15 C:\\Users\\HP\\OneDrive\\Desktop\\Semester5Kay\\booking-service\\vendor\\illuminate\\container\\Container.php(662): Illuminate\\Container\\BoundMethod::call(Object(Laravel\\Lumen\\Application), Array, Array, NULL)
#16 C:\\Users\\HP\\OneDrive\\Desktop\\Semester5Kay\\booking-service\\vendor\\laravel\\lumen-framework\\src\\Concerns\\RoutesRequests.php(391): Illuminate\\Container\\Container->call(Array, Array)
#17 C:\\Users\\HP\\OneDrive\\Desktop\\Semester5Kay\\booking-service\\vendor\\laravel\\lumen-framework\\src\\Concerns\\RoutesRequests.php(356): Laravel\\Lumen\\Application->callControllerCallable(Array, Array)
#18 C:\\Users\\HP\\OneDrive\\Desktop\\Semester5Kay\\booking-service\\vendor\\laravel\\lumen-framework\\src\\Concerns\\RoutesRequests.php(331): Laravel\\Lumen\\Application->callLumenController(Object(App\\Http\\Controllers\\CustomerController), 'index', Array)
#19 C:\\Users\\HP\\OneDrive\\Desktop\\Semester5Kay\\booking-service\\vendor\\laravel\\lumen-framework\\src\\Concerns\\RoutesRequests.php(284): Laravel\\Lumen\\Application->callControllerAction(Array)
#20 C:\\Users\\HP\\OneDrive\\Desktop\\Semester5Kay\\booking-service\\vendor\\laravel\\lumen-framework\\src\\Concerns\\RoutesRequests.php(269): Laravel\\Lumen\\Application->callActionOnArrayBasedRoute(Array)
#21 C:\\Users\\HP\\OneDrive\\Desktop\\Semester5Kay\\booking-service\\vendor\\laravel\\lumen-framework\\src\\Concerns\\RoutesRequests.php(171): Laravel\\Lumen\\Application->handleFoundRoute(Array)
#22 C:\\Users\\HP\\OneDrive\\Desktop\\Semester5Kay\\booking-service\\vendor\\laravel\\lumen-framework\\src\\Routing\\Pipeline.php(48): Laravel\\Lumen\\Application->Laravel\\Lumen\\Concerns\\{closure}(Object(Laravel\\Lumen\\Http\\Request))
#23 C:\\Users\\HP\\OneDrive\\Desktop\\Semester5Kay\\booking-service\\bootstrap\\app.php(39): Laravel\\Lumen\\Routing\\Pipeline->Laravel\\Lumen\\Routing\\{closure}(Object(Laravel\\Lumen\\Http\\Request))
#24 C:\\Users\\HP\\OneDrive\\Desktop\\Semester5Kay\\booking-service\\vendor\\illuminate\\pipeline\\Pipeline.php(165): {closure}(Object(Laravel\\Lumen\\Http\\Request), Object(Closure))
#25 C:\\Users\\HP\\OneDrive\\Desktop\\Semester5Kay\\booking-service\\vendor\\laravel\\lumen-framework\\src\\Routing\\Pipeline.php(30): Illuminate\\Pipeline\\Pipeline->Illuminate\\Pipeline\\{closure}(Object(Laravel\\Lumen\\Http\\Request))
#26 C:\\Users\\HP\\OneDrive\\Desktop\\Semester5Kay\\booking-service\\vendor\\illuminate\\pipeline\\Pipeline.php(119): Laravel\\Lumen\\Routing\\Pipeline->Laravel\\Lumen\\Routing\\{closure}(Object(Laravel\\Lumen\\Http\\Request))
#27 C:\\Users\\HP\\OneDrive\\Desktop\\Semester5Kay\\booking-service\\vendor\\laravel\\lumen-framework\\src\\Concerns\\RoutesRequests.php(428): Illuminate\\Pipeline\\Pipeline->then(Object(Closure))
#28 C:\\Users\\HP\\OneDrive\\Desktop\\Semester5Kay\\booking-service\\vendor\\laravel\\lumen-framework\\src\\Concerns\\RoutesRequests.php(167): Laravel\\Lumen\\Application->sendThroughPipeline(Array, Object(Closure))
#29 C:\\Users\\HP\\OneDrive\\Desktop\\Semester5Kay\\booking-service\\vendor\\laravel\\lumen-framework\\src\\Concerns\\RoutesRequests.php(112): Laravel\\Lumen\\Application->dispatch(NULL)
#30 C:\\Users\\HP\\OneDrive\\Desktop\\Semester5Kay\\booking-service\\public\\index.php(28): Laravel\\Lumen\\Application->run()
#31 {main}

[previous exception] [object] (PDOException(code: 7): SQLSTATE[08006] [7] could not translate host name \"db\" to address: Unknown host at C:\\Users\\HP\\OneDrive\\Desktop\\Semester5Kay\\booking-service\\vendor\\illuminate\\database\\Connectors\\Connector.php:65)
[stacktrace]
#0 C:\\Users\\HP\\OneDrive\\Desktop\\Semester5Kay\\booking-service\\vendor\\illuminate\\database\\Connectors\\Connector.php(65): PDO->__construct('pgsql:host=db;d...', 'hotel_user', Object(SensitiveParameterValue), Array)
#1 C:\\Users\\HP\\OneDrive\\Desktop\\Semester5Kay\\booking-service\\vendor\\illuminate\\database\\Connectors\\Connector.php(83): Illuminate\\Database\\Connectors\\Connector->createPdoConnection('pgsql:host=db;d...', 'hotel_user', 'secret', Array)
#2 C:\\Users\\HP\\OneDrive\\Desktop\\Semester5Kay\\booking-service\\vendor\\illuminate\\database\\Connectors\\Connector.php(48): Illuminate\\Database\\Connectors\\Connector->tryAgainIfCausedByLostConnection(Object(PDOException), 'pgsql:host=db;d...', 'hotel_user', 'secret', Array)
#3 C:\\Users\\HP\\OneDrive\\Desktop\\Semester5Kay\\booking-service\\vendor\\illuminate\\database\\Connectors\\PostgresConnector.php(35): Illuminate\\Database\\Connectors\\Connector->createConnection('pgsql:host=db;d...', Array, Array)
#4 C:\\Users\\HP\\OneDrive\\Desktop\\Semester5Kay\\booking-service\\vendor\\illuminate\\database\\Connectors\\ConnectionFactory.php(184): Illuminate\\Database\\Connectors\\PostgresConnector->connect(Array)
#5 [internal function]: Illuminate\\Database\\Connectors\\ConnectionFactory->Illuminate\\Database\\Connectors\\{closure}()
#6 C:\\Users\\HP\\OneDrive\\Desktop\\Semester5Kay\\booking-service\\vendor\\illuminate\\database\\Connection.php(1339): call_user_func(Object(Closure))
#7 C:\\Users\\HP\\OneDrive\\Desktop\\Semester5Kay\\booking-service\\vendor\\illuminate\\database\\Connection.php(1375): Illuminate\\Database\\Connection->getPdo()
#8 C:\\Users\\HP\\OneDrive\\Desktop\\Semester5Kay\\booking-service\\vendor\\illuminate\\database\\Connection.php(528): Illuminate\\Database\\Connection->getReadPdo()
#9 C:\\Users\\HP\\OneDrive\\Desktop\\Semester5Kay\\booking-service\\vendor\\illuminate\\database\\Connection.php(423): Illuminate\\Database\\Connection->getPdoForSelect(true)
#10 C:\\Users\\HP\\OneDrive\\Desktop\\Semester5Kay\\booking-service\\vendor\\illuminate\\database\\Connection.php(816): Illuminate\\Database\\Connection->Illuminate\\Database\\{closure}('select * from \"...', Array)
#11 C:\\Users\\HP\\OneDrive\\Desktop\\Semester5Kay\\booking-service\\vendor\\illuminate\\database\\Connection.php(983): Illuminate\\Database\\Connection->runQueryCallback('select * from \"...', Array, Object(Closure))
#12 C:\\Users\\HP\\OneDrive\\Desktop\\Semester5Kay\\booking-service\\vendor\\illuminate\\database\\Connection.php(962): Illuminate\\Database\\Connection->tryAgainIfCausedByLostConnection(Object(Illuminate\\Database\\QueryException), 'select * from \"...', Array, Object(Closure))
#13 C:\\Users\\HP\\OneDrive\\Desktop\\Semester5Kay\\booking-service\\vendor\\illuminate\\database\\Connection.php(785): Illuminate\\Database\\Connection->handleQueryException(Object(Illuminate\\Database\\QueryException), 'select * from \"...', Array, Object(Closure))
#14 C:\\Users\\HP\\OneDrive\\Desktop\\Semester5Kay\\booking-service\\vendor\\illuminate\\database\\Connection.php(414): Illuminate\\Database\\Connection->run('select * from \"...', Array, Object(Closure))
#15 C:\\Users\\HP\\OneDrive\\Desktop\\Semester5Kay\\booking-service\\vendor\\illuminate\\database\\Query\\Builder.php(2913): Illuminate\\Database\\Connection->select('select * from \"...', Array, true)
#16 C:\\Users\\HP\\OneDrive\\Desktop\\Semester5Kay\\booking-service\\vendor\\illuminate\\database\\Query\\Builder.php(2902): Illuminate\\Database\\Query\\Builder->runSelect()
#17 C:\\Users\\HP\\OneDrive\\Desktop\\Semester5Kay\\booking-service\\vendor\\illuminate\\database\\Query\\Builder.php(3456): Illuminate\\Database\\Query\\Builder->Illuminate\\Database\\Query\\{closure}()
#18 C:\\Users\\HP\\OneDrive\\Desktop\\Semester5Kay\\booking-service\\vendor\\illuminate\\database\\Query\\Builder.php(2901): Illuminate\\Database\\Query\\Builder->onceWithColumns(Array, Object(Closure))
#19 C:\\Users\\HP\\OneDrive\\Desktop\\Semester5Kay\\booking-service\\vendor\\illuminate\\database\\Eloquent\\Builder.php(739): Illuminate\\Database\\Query\\Builder->get(Array)
#20 C:\\Users\\HP\\OneDrive\\Desktop\\Semester5Kay\\booking-service\\vendor\\illuminate\\database\\Eloquent\\Builder.php(723): Illuminate\\Database\\Eloquent\\Builder->getModels(Array)
#21 C:\\Users\\HP\\OneDrive\\Desktop\\Semester5Kay\\booking-service\\app\\Http\\Controllers\\CustomerController.php(15): Illuminate\\Database\\Eloquent\\Builder->get()
#22 C:\\Users\\HP\\OneDrive\\Desktop\\Semester5Kay\\booking-service\\vendor\\illuminate\\container\\BoundMethod.php(36): App\\Http\\Controllers\\CustomerController->index()
#23 C:\\Users\\HP\\OneDrive\\Desktop\\Semester5Kay\\booking-service\\vendor\\illuminate\\container\\Util.php(41): Illuminate\\Container\\BoundMethod::Illuminate\\Container\\{closure}()
#24 C:\\Users\\HP\\OneDrive\\Desktop\\Semester5Kay\\booking-service\\vendor\\illuminate\\container\\BoundMethod.php(93): Illuminate\\Container\\Util::unwrapIfClosure(Object(Closure))
#25 C:\\Users\\HP\\OneDrive\\Desktop\\Semester5Kay\\booking-service\\vendor\\illuminate\\container\\BoundMethod.php(35): Illuminate\\Container\\BoundMethod::callBoundMethod(Object(Laravel\\Lumen\\Application), Array, Object(Closure))
#26 C:\\Users\\HP\\OneDrive\\Desktop\\Semester5Kay\\booking-service\\vendor\\illuminate\\container\\Container.php(662): Illuminate\\Container\\BoundMethod::call(Object(Laravel\\Lumen\\Application), Array, Array, NULL)
#27 C:\\Users\\HP\\OneDrive\\Desktop\\Semester5Kay\\booking-service\\vendor\\laravel\\lumen-framework\\src\\Concerns\\RoutesRequests.php(391): Illuminate\\Container\\Container->call(Array, Array)
#28 C:\\Users\\HP\\OneDrive\\Desktop\\Semester5Kay\\booking-service\\vendor\\laravel\\lumen-framework\\src\\Concerns\\RoutesRequests.php(356): Laravel\\Lumen\\Application->callControllerCallable(Array, Array)
#29 C:\\Users\\HP\\OneDrive\\Desktop\\Semester5Kay\\booking-service\\vendor\\laravel\\lumen-framework\\src\\Concerns\\RoutesRequests.php(331): Laravel\\Lumen\\Application->callLumenController(Object(App\\Http\\Controllers\\CustomerController), 'index', Array)
#30 C:\\Users\\HP\\OneDrive\\Desktop\\Semester5Kay\\booking-service\\vendor\\laravel\\lumen-framework\\src\\Concerns\\RoutesRequests.php(284): Laravel\\Lumen\\Application->callControllerAction(Array)
#31 C:\\Users\\HP\\OneDrive\\Desktop\\Semester5Kay\\booking-service\\vendor\\laravel\\lumen-framework\\src\\Concerns\\RoutesRequests.php(269): Laravel\\Lumen\\Application->callActionOnArrayBasedRoute(Array)
#32 C:\\Users\\HP\\OneDrive\\Desktop\\Semester5Kay\\booking-service\\vendor\\laravel\\lumen-framework\\src\\Concerns\\RoutesRequests.php(171): Laravel\\Lumen\\Application->handleFoundRoute(Array)
#33 C:\\Users\\HP\\OneDrive\\Desktop\\Semester5Kay\\booking-service\\vendor\\laravel\\lumen-framework\\src\\Routing\\Pipeline.php(48): Laravel\\Lumen\\Application->Laravel\\Lumen\\Concerns\\{closure}(Object(Laravel\\Lumen\\Http\\Request))
#34 C:\\Users\\HP\\OneDrive\\Desktop\\Semester5Kay\\booking-service\\bootstrap\\app.php(39): Laravel\\Lumen\\Routing\\Pipeline->Laravel\\Lumen\\Routing\\{closure}(Object(Laravel\\Lumen\\Http\\Request))
#35 C:\\Users\\HP\\OneDrive\\Desktop\\Semester5Kay\\booking-service\\vendor\\illuminate\\pipeline\\Pipeline.php(165): {closure}(Object(Laravel\\Lumen\\Http\\Request), Object(Closure))
#36 C:\\Users\\HP\\OneDrive\\Desktop\\Semester5Kay\\booking-service\\vendor\\laravel\\lumen-framework\\src\\Routing\\Pipeline.php(30): Illuminate\\Pipeline\\Pipeline->Illuminate\\Pipeline\\{closure}(Object(Laravel\\Lumen\\Http\\Request))
#37 C:\\Users\\HP\\OneDrive\\Desktop\\Semester5Kay\\booking-service\\vendor\\illuminate\\pipeline\\Pipeline.php(119): Laravel\\Lumen\\Routing\\Pipeline->Laravel\\Lumen\\Routing\\{closure}(Object(Laravel\\Lumen\\Http\\Request))
#38 C:\\Users\\HP\\OneDrive\\Desktop\\Semester5Kay\\booking-service\\vendor\\laravel\\lumen-framework\\src\\Concerns\\RoutesRequests.php(428): Illuminate\\Pipeline\\Pipeline->then(Object(Closure))
#39 C:\\Users\\HP\\OneDrive\\Desktop\\Semester5Kay\\booking-service\\vendor\\laravel\\lumen-framework\\src\\Concerns\\RoutesRequests.php(167): Laravel\\Lumen\\Application->sendThroughPipeline(Array, Object(Closure))
#40 C:\\Users\\HP\\OneDrive\\Desktop\\Semester5Kay\\booking-service\\vendor\\laravel\\lumen-framework\\src\\Concerns\\RoutesRequests.php(112): Laravel\\Lumen\\Application->dispatch(NULL)
#41 C:\\Users\\HP\\OneDrive\\Desktop\\Semester5Kay\\booking-service\\public\\index.php(28): Laravel\\Lumen\\Application->run()
#42 {main}
"} 
